-- phpMyAdmin SQL Dump
-- version 5.0.2
-- https://www.phpmyadmin.net/
--
-- 主机： 192.168.10.72
-- 生成日期： 2020-07-16 08:43:46
-- 服务器版本： 8.0.17
-- PHP 版本： 7.4.6

SET SQL_MODE = "NO_AUTO_VALUE_ON_ZERO";
START TRANSACTION;
SET time_zone = "+00:00";


/*!40101 SET @OLD_CHARACTER_SET_CLIENT=@@CHARACTER_SET_CLIENT */;
/*!40101 SET @OLD_CHARACTER_SET_RESULTS=@@CHARACTER_SET_RESULTS */;
/*!40101 SET @OLD_COLLATION_CONNECTION=@@COLLATION_CONNECTION */;
/*!40101 SET NAMES utf8mb4 */;

--
-- 数据库： `mmorpg_world`
--

-- --------------------------------------------------------

--
-- 表的结构 `char_prototype`
--

CREATE TABLE `char_prototype` (
  `charTypeId` int(10) UNSIGNED NOT NULL,
  `charFlags` json NOT NULL,
  `charRace` int(10) UNSIGNED NOT NULL,
  `charElite` int(10) UNSIGNED NOT NULL,
  `attrType` int(10) UNSIGNED NOT NULL,
  `level` int(10) UNSIGNED NOT NULL,
  `speedWalk` float NOT NULL,
  `speedRun` float NOT NULL,
  `speedTurn` float NOT NULL,
  `patrolRange` float NOT NULL,
  `boundRadius` float NOT NULL,
  `senseRadius` float NOT NULL,
  `combatRadius` float NOT NULL,
  `combatBestDist` float NOT NULL,
  `minRespawnTime` int(10) UNSIGNED NOT NULL,
  `maxRespawnTime` int(10) UNSIGNED NOT NULL,
  `deadDisappearTime` int(10) UNSIGNED NOT NULL,
  `recoveryHPRate` double NOT NULL,
  `recoveryHPValue` double NOT NULL,
  `recoveryMPRate` double NOT NULL,
  `recoveryMPValue` double NOT NULL,
  `lootSetID` int(10) UNSIGNED NOT NULL,
  `aiScriptId` int(10) UNSIGNED NOT NULL,
  `spawnScriptId` int(10) UNSIGNED NOT NULL,
  `spawnScriptArgs` text NOT NULL,
  `deadScriptId` int(10) UNSIGNED NOT NULL,
  `deadScriptArgs` text NOT NULL,
  `playScriptId` int(10) UNSIGNED NOT NULL,
  `playScriptArgs` text NOT NULL
) ENGINE=InnoDB DEFAULT CHARSET=utf8mb4 COLLATE=utf8mb4_0900_ai_ci;

--
-- 转存表中的数据 `char_prototype`
--

INSERT INTO `char_prototype` (`charTypeId`, `charFlags`, `charRace`, `charElite`, `attrType`, `level`, `speedWalk`, `speedRun`, `speedTurn`, `patrolRange`, `boundRadius`, `senseRadius`, `combatRadius`, `combatBestDist`, `minRespawnTime`, `maxRespawnTime`, `deadDisappearTime`, `recoveryHPRate`, `recoveryHPValue`, `recoveryMPRate`, `recoveryMPValue`, `lootSetID`, `aiScriptId`, `spawnScriptId`, `spawnScriptArgs`, `deadScriptId`, `deadScriptArgs`, `playScriptId`, `playScriptArgs`) VALUES
(1, '{\"isJoinCombat\": true}', 0, 0, 0, 1, 1.5, 4, 0, 0, 0.5, 0, 0, 1.3, 0, 0, 0, 0, 0, 0, 0, 0, 0, 0, '', 0, '', 0, ''),
(2, '{\"isJoinCombat\": true}', 0, 0, 0, 1, 1.5, 4, 0, 0, 0.5, 0, 0, 1.3, 0, 0, 0, 0, 0, 0, 0, 0, 0, 0, '', 0, '', 0, ''),
(3, '{\"isJoinCombat\": true}', 2, 0, 0, 1, 0.5, 3, 180, 9, 0.5, 0, 12, 0.3, 3000, 5000, 1000, 0, 0, 0, 0, 1, 2, 0, '', 0, '', 0, ''),
(4, '{\"isJoinCombat\": true}', 2, 0, 0, 1, 1, 3, 180, 9, 0.5, 0, 12, 1, 3000, 5000, 1000, 0, 0, 0, 0, 1, 2, 0, '', 0, '', 0, ''),
(5, '{\"isJoinCombat\": true}', 2, 0, 0, 1, 1, 10, 180, 5, 0.5, 0, 12, 0.5, 3000, 5000, 1000, 0, 0, 0, 0, 1, 2, 0, '', 0, '', 0, ''),
(6, '{\"isJoinCombat\": true}', 2, 0, 0, 1, 1, 10, 180, 5, 0.5, 0, 12, 0.5, 3000, 5000, 1000, 0, 0, 0, 0, 1, 2, 0, '', 0, '', 0, ''),
(7, '{\"isJoinCombat\": true}', 2, 0, 0, 1, 0.1, 0.5, 180, 3, 0.5, 0, 5, 0.3, 3000, 5000, 1000, 0, 0, 0, 0, 1, 2, 0, '', 0, '', 0, ''),
(8, '{\"isJoinCombat\": true, \"isSensePlayer\": true, \"isSenseCreature\": true}', 2, 0, 0, 1, 1, 9, 180, 30, 0.5, 10, 50, 1.5, 3000, 5000, 1000, 0, 0, 0, 0, 1, 2, 0, '', 0, '', 0, ''),
(9, '{\"isJoinCombat\": true, \"isSensePlayer\": true, \"isSenseCreature\": true}', 2, 0, 0, 1, 1, 6, 180, 20, 0.5, 7, 30, 1.1, 3000, 5000, 1000, 0, 0, 0, 0, 1, 2, 0, '', 0, '', 0, ''),
(10, '{\"isJoinCombat\": true}', 2, 0, 0, 1, 1, 6, 180, 20, 0.5, 0, 30, 2, 3000, 5000, 1000, 0, 0, 0, 0, 1, 2, 0, '', 0, '', 0, ''),
(11, '{\"isJoinCombat\": true}', 2, 0, 0, 1, 1.2, 3, 180, 10, 0.5, 0, 20, 1, 3000, 5000, 1000, 0, 0, 0, 0, 2, 2, 0, '', 0, '', 0, ''),
(12, '{\"isJoinCombat\": true}', 2, 0, 0, 1, 1.2, 3, 180, 10, 0.5, 0, 20, 1, 3000, 5000, 1000, 0, 0, 0, 0, 3, 2, 0, '', 0, '', 0, '');

-- --------------------------------------------------------

--
-- 表的结构 `configure`
--

CREATE TABLE `configure` (
  `cfgIndex` int(10) UNSIGNED NOT NULL,
  `cfgName` varchar(256) NOT NULL,
  `cfgVal` text NOT NULL,
  `cfgDesc` text NOT NULL
) ENGINE=InnoDB DEFAULT CHARSET=utf8mb4 COLLATE=utf8mb4_0900_ai_ci;

--
-- 转存表中的数据 `configure`
--

INSERT INTO `configure` (`cfgIndex`, `cfgName`, `cfgVal`, `cfgDesc`) VALUES
(2, 'BornPosition', '1,1,0,0,0,0', ''),
(1002, 'GuildLeague', '5', ''),
(3, 'MapTypeViewingDistances', '1,60;2,60', ''),
(1, 'MaxPlayerLevel', '800', ''),
(1001, 'PlayBoss', '3,100,1000,1001', '');

-- --------------------------------------------------------

--
-- 表的结构 `creature_attribute`
--

CREATE TABLE `creature_attribute` (
  `Id` bigint(20) UNSIGNED NOT NULL,
  `type` int(10) UNSIGNED NOT NULL,
  `level` int(10) UNSIGNED NOT NULL,
  `round` int(10) UNSIGNED NOT NULL,
  `attrs` json NOT NULL,
  `damageFactor` double NOT NULL
) ENGINE=InnoDB DEFAULT CHARSET=utf8mb4 COLLATE=utf8mb4_0900_ai_ci;

--
-- 转存表中的数据 `creature_attribute`
--

INSERT INTO `creature_attribute` (`Id`, `type`, `level`, `round`, `attrs`, `damageFactor`) VALUES
(4294967296, 0, 1, 0, '[0, 100, 100, 100, 100, 1, 0, 0, 0, 0, 0]', 1),
(4294967297, 1, 1, 0, '[0, 100, 100, 100, 100, 1, 0, 0, 0, 0, 0]', 1),
(4294967298, 2, 1, 0, '[0, 100, 100, 100, 100, 1, 0, 0, 0, 0, 0]', 1),
(4294967299, 3, 1, 0, '[0, 100, 100, 100, 100, 1, 0, 0, 0, 0, 0]', 1),
(4294967300, 4, 1, 0, '[0, 100, 100, 100, 100, 1, 0, 0, 0, 0, 0]', 1),
(4294967301, 5, 1, 0, '[0, 100, 100, 100, 100, 1, 0, 0, 0, 0, 0]', 1),
(4294967302, 6, 1, 0, '[0, 100, 100, 100, 100, 1, 0, 0, 0, 0, 0]', 1),
(4294967303, 7, 1, 0, '[0, 100, 100, 100, 100, 1, 0, 0, 0, 0, 0]', 1),
(4294967304, 8, 1, 0, '[0, 100, 100, 100, 100, 1, 0, 0, 0, 0, 0]', 1),
(4294967305, 9, 1, 0, '[0, 100, 100, 100, 100, 1, 0, 0, 0, 0, 0]', 1),
(8589934592, 0, 2, 0, '[0, 200, 200, 200, 200, 1, 0, 0, 0, 0, 0]', 2),
(8589934593, 1, 2, 0, '[0, 200, 200, 200, 200, 1, 0, 0, 0, 0, 0]', 2),
(8589934594, 2, 2, 0, '[0, 200, 200, 200, 200, 1, 0, 0, 0, 0, 0]', 2),
(8589934595, 3, 2, 0, '[0, 200, 200, 200, 200, 1, 0, 0, 0, 0, 0]', 2),
(8589934596, 4, 2, 0, '[0, 200, 200, 200, 200, 1, 0, 0, 0, 0, 0]', 2),
(8589934597, 5, 2, 0, '[0, 200, 200, 200, 200, 1, 0, 0, 0, 0, 0]', 2),
(8589934598, 6, 2, 0, '[0, 200, 200, 200, 200, 1, 0, 0, 0, 0, 0]', 2),
(8589934599, 7, 2, 0, '[0, 200, 200, 200, 200, 1, 0, 0, 0, 0, 0]', 2),
(8589934600, 8, 2, 0, '[0, 200, 200, 200, 200, 1, 0, 0, 0, 0, 0]', 2),
(8589934601, 9, 2, 0, '[0, 200, 200, 200, 200, 1, 0, 0, 0, 0, 0]', 2),
(12884901888, 0, 3, 0, '[0, 300, 300, 300, 300, 1, 0, 0, 0, 0, 0]', 3),
(12884901889, 1, 3, 0, '[0, 300, 300, 300, 300, 1, 0, 0, 0, 0, 0]', 3),
(12884901890, 2, 3, 0, '[0, 300, 300, 300, 300, 1, 0, 0, 0, 0, 0]', 3),
(12884901891, 3, 3, 0, '[0, 300, 300, 300, 300, 1, 0, 0, 0, 0, 0]', 3),
(12884901892, 4, 3, 0, '[0, 300, 300, 300, 300, 1, 0, 0, 0, 0, 0]', 3),
(12884901893, 5, 3, 0, '[0, 300, 300, 300, 300, 1, 0, 0, 0, 0, 0]', 3),
(12884901894, 6, 3, 0, '[0, 300, 300, 300, 300, 1, 0, 0, 0, 0, 0]', 3),
(12884901895, 7, 3, 0, '[0, 300, 300, 300, 300, 1, 0, 0, 0, 0, 0]', 3),
(12884901896, 8, 3, 0, '[0, 300, 300, 300, 300, 1, 0, 0, 0, 0, 0]', 3),
(12884901897, 9, 3, 0, '[0, 300, 300, 300, 300, 1, 0, 0, 0, 0, 0]', 3),
(17179869184, 0, 4, 0, '[0, 400, 400, 400, 400, 1, 0, 0, 0, 0, 0]', 4),
(17179869185, 1, 4, 0, '[0, 400, 400, 400, 400, 1, 0, 0, 0, 0, 0]', 4),
(17179869186, 2, 4, 0, '[0, 400, 400, 400, 400, 1, 0, 0, 0, 0, 0]', 4),
(17179869187, 3, 4, 0, '[0, 400, 400, 400, 400, 1, 0, 0, 0, 0, 0]', 4),
(17179869188, 4, 4, 0, '[0, 400, 400, 400, 400, 1, 0, 0, 0, 0, 0]', 4),
(17179869189, 5, 4, 0, '[0, 400, 400, 400, 400, 1, 0, 0, 0, 0, 0]', 4),
(17179869190, 6, 4, 0, '[0, 400, 400, 400, 400, 1, 0, 0, 0, 0, 0]', 4),
(17179869191, 7, 4, 0, '[0, 400, 400, 400, 400, 1, 0, 0, 0, 0, 0]', 4),
(17179869192, 8, 4, 0, '[0, 400, 400, 400, 400, 1, 0, 0, 0, 0, 0]', 4),
(17179869193, 9, 4, 0, '[0, 400, 400, 400, 400, 1, 0, 0, 0, 0, 0]', 4),
(21474836480, 0, 5, 0, '[0, 500, 500, 500, 500, 1, 0, 0, 0, 0, 0]', 5),
(21474836481, 1, 5, 0, '[0, 500, 500, 500, 500, 1, 0, 0, 0, 0, 0]', 5),
(21474836482, 2, 5, 0, '[0, 500, 500, 500, 500, 1, 0, 0, 0, 0, 0]', 5),
(21474836483, 3, 5, 0, '[0, 500, 500, 500, 500, 1, 0, 0, 0, 0, 0]', 5),
(21474836484, 4, 5, 0, '[0, 500, 500, 500, 500, 1, 0, 0, 0, 0, 0]', 5),
(21474836485, 5, 5, 0, '[0, 500, 500, 500, 500, 1, 0, 0, 0, 0, 0]', 5),
(21474836486, 6, 5, 0, '[0, 500, 500, 500, 500, 1, 0, 0, 0, 0, 0]', 5),
(21474836487, 7, 5, 0, '[0, 500, 500, 500, 500, 1, 0, 0, 0, 0, 0]', 5),
(21474836488, 8, 5, 0, '[0, 500, 500, 500, 500, 1, 0, 0, 0, 0, 0]', 5),
(21474836489, 9, 5, 0, '[0, 500, 500, 500, 500, 1, 0, 0, 0, 0, 0]', 5),
(25769803776, 0, 6, 0, '[0, 600, 600, 600, 600, 1, 0, 0, 0, 0, 0]', 6),
(25769803777, 1, 6, 0, '[0, 600, 600, 600, 600, 1, 0, 0, 0, 0, 0]', 6),
(25769803778, 2, 6, 0, '[0, 600, 600, 600, 600, 1, 0, 0, 0, 0, 0]', 6),
(25769803779, 3, 6, 0, '[0, 600, 600, 600, 600, 1, 0, 0, 0, 0, 0]', 6),
(25769803780, 4, 6, 0, '[0, 600, 600, 600, 600, 1, 0, 0, 0, 0, 0]', 6),
(25769803781, 5, 6, 0, '[0, 600, 600, 600, 600, 1, 0, 0, 0, 0, 0]', 6),
(25769803782, 6, 6, 0, '[0, 600, 600, 600, 600, 1, 0, 0, 0, 0, 0]', 6),
(25769803783, 7, 6, 0, '[0, 600, 600, 600, 600, 1, 0, 0, 0, 0, 0]', 6),
(25769803784, 8, 6, 0, '[0, 600, 600, 600, 600, 1, 0, 0, 0, 0, 0]', 6),
(25769803785, 9, 6, 0, '[0, 600, 600, 600, 600, 1, 0, 0, 0, 0, 0]', 6),
(30064771072, 0, 7, 0, '[0, 700, 700, 700, 700, 1, 0, 0, 0, 0, 0]', 7),
(30064771073, 1, 7, 0, '[0, 700, 700, 700, 700, 1, 0, 0, 0, 0, 0]', 7),
(30064771074, 2, 7, 0, '[0, 700, 700, 700, 700, 1, 0, 0, 0, 0, 0]', 7),
(30064771075, 3, 7, 0, '[0, 700, 700, 700, 700, 1, 0, 0, 0, 0, 0]', 7),
(30064771076, 4, 7, 0, '[0, 700, 700, 700, 700, 1, 0, 0, 0, 0, 0]', 7),
(30064771077, 5, 7, 0, '[0, 700, 700, 700, 700, 1, 0, 0, 0, 0, 0]', 7),
(30064771078, 6, 7, 0, '[0, 700, 700, 700, 700, 1, 0, 0, 0, 0, 0]', 7),
(30064771079, 7, 7, 0, '[0, 700, 700, 700, 700, 1, 0, 0, 0, 0, 0]', 7),
(30064771080, 8, 7, 0, '[0, 700, 700, 700, 700, 1, 0, 0, 0, 0, 0]', 7),
(30064771081, 9, 7, 0, '[0, 700, 700, 700, 700, 1, 0, 0, 0, 0, 0]', 7),
(34359738368, 0, 8, 0, '[0, 800, 800, 800, 800, 1, 0, 0, 0, 0, 0]', 8),
(34359738369, 1, 8, 0, '[0, 800, 800, 800, 800, 1, 0, 0, 0, 0, 0]', 8),
(34359738370, 2, 8, 0, '[0, 800, 800, 800, 800, 1, 0, 0, 0, 0, 0]', 8),
(34359738371, 3, 8, 0, '[0, 800, 800, 800, 800, 1, 0, 0, 0, 0, 0]', 8),
(34359738372, 4, 8, 0, '[0, 800, 800, 800, 800, 1, 0, 0, 0, 0, 0]', 8),
(34359738373, 5, 8, 0, '[0, 800, 800, 800, 800, 1, 0, 0, 0, 0, 0]', 8),
(34359738374, 6, 8, 0, '[0, 800, 800, 800, 800, 1, 0, 0, 0, 0, 0]', 8),
(34359738375, 7, 8, 0, '[0, 800, 800, 800, 800, 1, 0, 0, 0, 0, 0]', 8),
(34359738376, 8, 8, 0, '[0, 800, 800, 800, 800, 1, 0, 0, 0, 0, 0]', 8),
(34359738377, 9, 8, 0, '[0, 800, 800, 800, 800, 1, 0, 0, 0, 0, 0]', 8),
(38654705664, 0, 9, 0, '[0, 900, 900, 900, 900, 1, 0, 0, 0, 0, 0]', 9),
(38654705665, 1, 9, 0, '[0, 900, 900, 900, 900, 1, 0, 0, 0, 0, 0]', 9),
(38654705666, 2, 9, 0, '[0, 900, 900, 900, 900, 1, 0, 0, 0, 0, 0]', 9),
(38654705667, 3, 9, 0, '[0, 900, 900, 900, 900, 1, 0, 0, 0, 0, 0]', 9),
(38654705668, 4, 9, 0, '[0, 900, 900, 900, 900, 1, 0, 0, 0, 0, 0]', 9),
(38654705669, 5, 9, 0, '[0, 900, 900, 900, 900, 1, 0, 0, 0, 0, 0]', 9),
(38654705670, 6, 9, 0, '[0, 900, 900, 900, 900, 1, 0, 0, 0, 0, 0]', 9),
(38654705671, 7, 9, 0, '[0, 900, 900, 900, 900, 1, 0, 0, 0, 0, 0]', 9),
(38654705672, 8, 9, 0, '[0, 900, 900, 900, 900, 1, 0, 0, 0, 0, 0]', 9),
(38654705673, 9, 9, 0, '[0, 900, 900, 900, 900, 1, 0, 0, 0, 0, 0]', 9),
(42949672960, 0, 10, 0, '[0, 1000, 1000, 1000, 1000, 1, 0, 0, 0, 0, 0]', 10),
(42949672961, 1, 10, 0, '[0, 1000, 1000, 1000, 1000, 1, 0, 0, 0, 0, 0]', 10),
(42949672962, 2, 10, 0, '[0, 1000, 1000, 1000, 1000, 1, 0, 0, 0, 0, 0]', 10),
(42949672963, 3, 10, 0, '[0, 1000, 1000, 1000, 1000, 1, 0, 0, 0, 0, 0]', 10),
(42949672964, 4, 10, 0, '[0, 1000, 1000, 1000, 1000, 1, 0, 0, 0, 0, 0]', 10),
(42949672965, 5, 10, 0, '[0, 1000, 1000, 1000, 1000, 1, 0, 0, 0, 0, 0]', 10),
(42949672966, 6, 10, 0, '[0, 1000, 1000, 1000, 1000, 1, 0, 0, 0, 0, 0]', 10),
(42949672967, 7, 10, 0, '[0, 1000, 1000, 1000, 1000, 1, 0, 0, 0, 0, 0]', 10),
(42949672968, 8, 10, 0, '[0, 1000, 1000, 1000, 1000, 1, 0, 0, 0, 0, 0]', 10),
(42949672969, 9, 10, 0, '[0, 1000, 1000, 1000, 1000, 1, 0, 0, 0, 0, 0]', 10),
(47244640256, 0, 11, 0, '[0, 1100, 1100, 1100, 1100, 1, 0, 0, 0, 0, 0]', 11),
(47244640257, 1, 11, 0, '[0, 1100, 1100, 1100, 1100, 1, 0, 0, 0, 0, 0]', 11),
(47244640258, 2, 11, 0, '[0, 1100, 1100, 1100, 1100, 1, 0, 0, 0, 0, 0]', 11),
(47244640259, 3, 11, 0, '[0, 1100, 1100, 1100, 1100, 1, 0, 0, 0, 0, 0]', 11),
(47244640260, 4, 11, 0, '[0, 1100, 1100, 1100, 1100, 1, 0, 0, 0, 0, 0]', 11),
(47244640261, 5, 11, 0, '[0, 1100, 1100, 1100, 1100, 1, 0, 0, 0, 0, 0]', 11),
(47244640262, 6, 11, 0, '[0, 1100, 1100, 1100, 1100, 1, 0, 0, 0, 0, 0]', 11),
(47244640263, 7, 11, 0, '[0, 1100, 1100, 1100, 1100, 1, 0, 0, 0, 0, 0]', 11),
(47244640264, 8, 11, 0, '[0, 1100, 1100, 1100, 1100, 1, 0, 0, 0, 0, 0]', 11),
(47244640265, 9, 11, 0, '[0, 1100, 1100, 1100, 1100, 1, 0, 0, 0, 0, 0]', 11),
(51539607552, 0, 12, 0, '[0, 1200, 1200, 1200, 1200, 1, 0, 0, 0, 0, 0]', 12),
(51539607553, 1, 12, 0, '[0, 1200, 1200, 1200, 1200, 1, 0, 0, 0, 0, 0]', 12),
(51539607554, 2, 12, 0, '[0, 1200, 1200, 1200, 1200, 1, 0, 0, 0, 0, 0]', 12),
(51539607555, 3, 12, 0, '[0, 1200, 1200, 1200, 1200, 1, 0, 0, 0, 0, 0]', 12),
(51539607556, 4, 12, 0, '[0, 1200, 1200, 1200, 1200, 1, 0, 0, 0, 0, 0]', 12),
(51539607557, 5, 12, 0, '[0, 1200, 1200, 1200, 1200, 1, 0, 0, 0, 0, 0]', 12),
(51539607558, 6, 12, 0, '[0, 1200, 1200, 1200, 1200, 1, 0, 0, 0, 0, 0]', 12),
(51539607559, 7, 12, 0, '[0, 1200, 1200, 1200, 1200, 1, 0, 0, 0, 0, 0]', 12),
(51539607560, 8, 12, 0, '[0, 1200, 1200, 1200, 1200, 1, 0, 0, 0, 0, 0]', 12),
(51539607561, 9, 12, 0, '[0, 1200, 1200, 1200, 1200, 1, 0, 0, 0, 0, 0]', 12),
(55834574848, 0, 13, 0, '[0, 1300, 1300, 1300, 1300, 1, 0, 0, 0, 0, 0]', 13),
(55834574849, 1, 13, 0, '[0, 1300, 1300, 1300, 1300, 1, 0, 0, 0, 0, 0]', 13),
(55834574850, 2, 13, 0, '[0, 1300, 1300, 1300, 1300, 1, 0, 0, 0, 0, 0]', 13),
(55834574851, 3, 13, 0, '[0, 1300, 1300, 1300, 1300, 1, 0, 0, 0, 0, 0]', 13),
(55834574852, 4, 13, 0, '[0, 1300, 1300, 1300, 1300, 1, 0, 0, 0, 0, 0]', 13),
(55834574853, 5, 13, 0, '[0, 1300, 1300, 1300, 1300, 1, 0, 0, 0, 0, 0]', 13),
(55834574854, 6, 13, 0, '[0, 1300, 1300, 1300, 1300, 1, 0, 0, 0, 0, 0]', 13),
(55834574855, 7, 13, 0, '[0, 1300, 1300, 1300, 1300, 1, 0, 0, 0, 0, 0]', 13),
(55834574856, 8, 13, 0, '[0, 1300, 1300, 1300, 1300, 1, 0, 0, 0, 0, 0]', 13),
(55834574857, 9, 13, 0, '[0, 1300, 1300, 1300, 1300, 1, 0, 0, 0, 0, 0]', 13),
(60129542144, 0, 14, 0, '[0, 1400, 1400, 1400, 1400, 1, 0, 0, 0, 0, 0]', 14),
(60129542145, 1, 14, 0, '[0, 1400, 1400, 1400, 1400, 1, 0, 0, 0, 0, 0]', 14),
(60129542146, 2, 14, 0, '[0, 1400, 1400, 1400, 1400, 1, 0, 0, 0, 0, 0]', 14),
(60129542147, 3, 14, 0, '[0, 1400, 1400, 1400, 1400, 1, 0, 0, 0, 0, 0]', 14),
(60129542148, 4, 14, 0, '[0, 1400, 1400, 1400, 1400, 1, 0, 0, 0, 0, 0]', 14),
(60129542149, 5, 14, 0, '[0, 1400, 1400, 1400, 1400, 1, 0, 0, 0, 0, 0]', 14),
(60129542150, 6, 14, 0, '[0, 1400, 1400, 1400, 1400, 1, 0, 0, 0, 0, 0]', 14),
(60129542151, 7, 14, 0, '[0, 1400, 1400, 1400, 1400, 1, 0, 0, 0, 0, 0]', 14),
(60129542152, 8, 14, 0, '[0, 1400, 1400, 1400, 1400, 1, 0, 0, 0, 0, 0]', 14),
(60129542153, 9, 14, 0, '[0, 1400, 1400, 1400, 1400, 1, 0, 0, 0, 0, 0]', 14),
(64424509440, 0, 15, 0, '[0, 1500, 1500, 1500, 1500, 1, 0, 0, 0, 0, 0]', 15),
(64424509441, 1, 15, 0, '[0, 1500, 1500, 1500, 1500, 1, 0, 0, 0, 0, 0]', 15),
(64424509442, 2, 15, 0, '[0, 1500, 1500, 1500, 1500, 1, 0, 0, 0, 0, 0]', 15),
(64424509443, 3, 15, 0, '[0, 1500, 1500, 1500, 1500, 1, 0, 0, 0, 0, 0]', 15),
(64424509444, 4, 15, 0, '[0, 1500, 1500, 1500, 1500, 1, 0, 0, 0, 0, 0]', 15),
(64424509445, 5, 15, 0, '[0, 1500, 1500, 1500, 1500, 1, 0, 0, 0, 0, 0]', 15),
(64424509446, 6, 15, 0, '[0, 1500, 1500, 1500, 1500, 1, 0, 0, 0, 0, 0]', 15),
(64424509447, 7, 15, 0, '[0, 1500, 1500, 1500, 1500, 1, 0, 0, 0, 0, 0]', 15),
(64424509448, 8, 15, 0, '[0, 1500, 1500, 1500, 1500, 1, 0, 0, 0, 0, 0]', 15),
(64424509449, 9, 15, 0, '[0, 1500, 1500, 1500, 1500, 1, 0, 0, 0, 0, 0]', 15),
(68719476736, 0, 16, 0, '[0, 1600, 1600, 1600, 1600, 1, 0, 0, 0, 0, 0]', 16),
(68719476737, 1, 16, 0, '[0, 1600, 1600, 1600, 1600, 1, 0, 0, 0, 0, 0]', 16),
(68719476738, 2, 16, 0, '[0, 1600, 1600, 1600, 1600, 1, 0, 0, 0, 0, 0]', 16),
(68719476739, 3, 16, 0, '[0, 1600, 1600, 1600, 1600, 1, 0, 0, 0, 0, 0]', 16),
(68719476740, 4, 16, 0, '[0, 1600, 1600, 1600, 1600, 1, 0, 0, 0, 0, 0]', 16),
(68719476741, 5, 16, 0, '[0, 1600, 1600, 1600, 1600, 1, 0, 0, 0, 0, 0]', 16),
(68719476742, 6, 16, 0, '[0, 1600, 1600, 1600, 1600, 1, 0, 0, 0, 0, 0]', 16),
(68719476743, 7, 16, 0, '[0, 1600, 1600, 1600, 1600, 1, 0, 0, 0, 0, 0]', 16),
(68719476744, 8, 16, 0, '[0, 1600, 1600, 1600, 1600, 1, 0, 0, 0, 0, 0]', 16),
(68719476745, 9, 16, 0, '[0, 1600, 1600, 1600, 1600, 1, 0, 0, 0, 0, 0]', 16),
(73014444032, 0, 17, 0, '[0, 1700, 1700, 1700, 1700, 1, 0, 0, 0, 0, 0]', 17),
(73014444033, 1, 17, 0, '[0, 1700, 1700, 1700, 1700, 1, 0, 0, 0, 0, 0]', 17),
(73014444034, 2, 17, 0, '[0, 1700, 1700, 1700, 1700, 1, 0, 0, 0, 0, 0]', 17),
(73014444035, 3, 17, 0, '[0, 1700, 1700, 1700, 1700, 1, 0, 0, 0, 0, 0]', 17),
(73014444036, 4, 17, 0, '[0, 1700, 1700, 1700, 1700, 1, 0, 0, 0, 0, 0]', 17),
(73014444037, 5, 17, 0, '[0, 1700, 1700, 1700, 1700, 1, 0, 0, 0, 0, 0]', 17),
(73014444038, 6, 17, 0, '[0, 1700, 1700, 1700, 1700, 1, 0, 0, 0, 0, 0]', 17),
(73014444039, 7, 17, 0, '[0, 1700, 1700, 1700, 1700, 1, 0, 0, 0, 0, 0]', 17),
(73014444040, 8, 17, 0, '[0, 1700, 1700, 1700, 1700, 1, 0, 0, 0, 0, 0]', 17),
(73014444041, 9, 17, 0, '[0, 1700, 1700, 1700, 1700, 1, 0, 0, 0, 0, 0]', 17),
(77309411328, 0, 18, 0, '[0, 1800, 1800, 1800, 1800, 1, 0, 0, 0, 0, 0]', 18),
(77309411329, 1, 18, 0, '[0, 1800, 1800, 1800, 1800, 1, 0, 0, 0, 0, 0]', 18),
(77309411330, 2, 18, 0, '[0, 1800, 1800, 1800, 1800, 1, 0, 0, 0, 0, 0]', 18),
(77309411331, 3, 18, 0, '[0, 1800, 1800, 1800, 1800, 1, 0, 0, 0, 0, 0]', 18),
(77309411332, 4, 18, 0, '[0, 1800, 1800, 1800, 1800, 1, 0, 0, 0, 0, 0]', 18),
(77309411333, 5, 18, 0, '[0, 1800, 1800, 1800, 1800, 1, 0, 0, 0, 0, 0]', 18),
(77309411334, 6, 18, 0, '[0, 1800, 1800, 1800, 1800, 1, 0, 0, 0, 0, 0]', 18),
(77309411335, 7, 18, 0, '[0, 1800, 1800, 1800, 1800, 1, 0, 0, 0, 0, 0]', 18),
(77309411336, 8, 18, 0, '[0, 1800, 1800, 1800, 1800, 1, 0, 0, 0, 0, 0]', 18),
(77309411337, 9, 18, 0, '[0, 1800, 1800, 1800, 1800, 1, 0, 0, 0, 0, 0]', 18),
(81604378624, 0, 19, 0, '[0, 1900, 1900, 1900, 1900, 1, 0, 0, 0, 0, 0]', 19),
(81604378625, 1, 19, 0, '[0, 1900, 1900, 1900, 1900, 1, 0, 0, 0, 0, 0]', 19),
(81604378626, 2, 19, 0, '[0, 1900, 1900, 1900, 1900, 1, 0, 0, 0, 0, 0]', 19),
(81604378627, 3, 19, 0, '[0, 1900, 1900, 1900, 1900, 1, 0, 0, 0, 0, 0]', 19),
(81604378628, 4, 19, 0, '[0, 1900, 1900, 1900, 1900, 1, 0, 0, 0, 0, 0]', 19),
(81604378629, 5, 19, 0, '[0, 1900, 1900, 1900, 1900, 1, 0, 0, 0, 0, 0]', 19),
(81604378630, 6, 19, 0, '[0, 1900, 1900, 1900, 1900, 1, 0, 0, 0, 0, 0]', 19),
(81604378631, 7, 19, 0, '[0, 1900, 1900, 1900, 1900, 1, 0, 0, 0, 0, 0]', 19),
(81604378632, 8, 19, 0, '[0, 1900, 1900, 1900, 1900, 1, 0, 0, 0, 0, 0]', 19),
(81604378633, 9, 19, 0, '[0, 1900, 1900, 1900, 1900, 1, 0, 0, 0, 0, 0]', 19),
(85899345920, 0, 20, 0, '[0, 2000, 2000, 2000, 2000, 1, 0, 0, 0, 0, 0]', 20),
(85899345921, 1, 20, 0, '[0, 2000, 2000, 2000, 2000, 1, 0, 0, 0, 0, 0]', 20),
(85899345922, 2, 20, 0, '[0, 2000, 2000, 2000, 2000, 1, 0, 0, 0, 0, 0]', 20),
(85899345923, 3, 20, 0, '[0, 2000, 2000, 2000, 2000, 1, 0, 0, 0, 0, 0]', 20),
(85899345924, 4, 20, 0, '[0, 2000, 2000, 2000, 2000, 1, 0, 0, 0, 0, 0]', 20),
(85899345925, 5, 20, 0, '[0, 2000, 2000, 2000, 2000, 1, 0, 0, 0, 0, 0]', 20),
(85899345926, 6, 20, 0, '[0, 2000, 2000, 2000, 2000, 1, 0, 0, 0, 0, 0]', 20),
(85899345927, 7, 20, 0, '[0, 2000, 2000, 2000, 2000, 1, 0, 0, 0, 0, 0]', 20),
(85899345928, 8, 20, 0, '[0, 2000, 2000, 2000, 2000, 1, 0, 0, 0, 0, 0]', 20),
(85899345929, 9, 20, 0, '[0, 2000, 2000, 2000, 2000, 1, 0, 0, 0, 0, 0]', 20),
(90194313216, 0, 21, 0, '[0, 2100, 2100, 2100, 2100, 1, 0, 0, 0, 0, 0]', 21),
(90194313217, 1, 21, 0, '[0, 2100, 2100, 2100, 2100, 1, 0, 0, 0, 0, 0]', 21),
(90194313218, 2, 21, 0, '[0, 2100, 2100, 2100, 2100, 1, 0, 0, 0, 0, 0]', 21),
(90194313219, 3, 21, 0, '[0, 2100, 2100, 2100, 2100, 1, 0, 0, 0, 0, 0]', 21),
(90194313220, 4, 21, 0, '[0, 2100, 2100, 2100, 2100, 1, 0, 0, 0, 0, 0]', 21),
(90194313221, 5, 21, 0, '[0, 2100, 2100, 2100, 2100, 1, 0, 0, 0, 0, 0]', 21),
(90194313222, 6, 21, 0, '[0, 2100, 2100, 2100, 2100, 1, 0, 0, 0, 0, 0]', 21),
(90194313223, 7, 21, 0, '[0, 2100, 2100, 2100, 2100, 1, 0, 0, 0, 0, 0]', 21),
(90194313224, 8, 21, 0, '[0, 2100, 2100, 2100, 2100, 1, 0, 0, 0, 0, 0]', 21),
(90194313225, 9, 21, 0, '[0, 2100, 2100, 2100, 2100, 1, 0, 0, 0, 0, 0]', 21),
(94489280512, 0, 22, 0, '[0, 2200, 2200, 2200, 2200, 1, 0, 0, 0, 0, 0]', 22),
(94489280513, 1, 22, 0, '[0, 2200, 2200, 2200, 2200, 1, 0, 0, 0, 0, 0]', 22),
(94489280514, 2, 22, 0, '[0, 2200, 2200, 2200, 2200, 1, 0, 0, 0, 0, 0]', 22),
(94489280515, 3, 22, 0, '[0, 2200, 2200, 2200, 2200, 1, 0, 0, 0, 0, 0]', 22),
(94489280516, 4, 22, 0, '[0, 2200, 2200, 2200, 2200, 1, 0, 0, 0, 0, 0]', 22),
(94489280517, 5, 22, 0, '[0, 2200, 2200, 2200, 2200, 1, 0, 0, 0, 0, 0]', 22),
(94489280518, 6, 22, 0, '[0, 2200, 2200, 2200, 2200, 1, 0, 0, 0, 0, 0]', 22),
(94489280519, 7, 22, 0, '[0, 2200, 2200, 2200, 2200, 1, 0, 0, 0, 0, 0]', 22),
(94489280520, 8, 22, 0, '[0, 2200, 2200, 2200, 2200, 1, 0, 0, 0, 0, 0]', 22),
(94489280521, 9, 22, 0, '[0, 2200, 2200, 2200, 2200, 1, 0, 0, 0, 0, 0]', 22),
(98784247808, 0, 23, 0, '[0, 2300, 2300, 2300, 2300, 1, 0, 0, 0, 0, 0]', 23),
(98784247809, 1, 23, 0, '[0, 2300, 2300, 2300, 2300, 1, 0, 0, 0, 0, 0]', 23),
(98784247810, 2, 23, 0, '[0, 2300, 2300, 2300, 2300, 1, 0, 0, 0, 0, 0]', 23),
(98784247811, 3, 23, 0, '[0, 2300, 2300, 2300, 2300, 1, 0, 0, 0, 0, 0]', 23),
(98784247812, 4, 23, 0, '[0, 2300, 2300, 2300, 2300, 1, 0, 0, 0, 0, 0]', 23),
(98784247813, 5, 23, 0, '[0, 2300, 2300, 2300, 2300, 1, 0, 0, 0, 0, 0]', 23),
(98784247814, 6, 23, 0, '[0, 2300, 2300, 2300, 2300, 1, 0, 0, 0, 0, 0]', 23),
(98784247815, 7, 23, 0, '[0, 2300, 2300, 2300, 2300, 1, 0, 0, 0, 0, 0]', 23),
(98784247816, 8, 23, 0, '[0, 2300, 2300, 2300, 2300, 1, 0, 0, 0, 0, 0]', 23),
(98784247817, 9, 23, 0, '[0, 2300, 2300, 2300, 2300, 1, 0, 0, 0, 0, 0]', 23),
(103079215104, 0, 24, 0, '[0, 2400, 2400, 2400, 2400, 1, 0, 0, 0, 0, 0]', 24),
(103079215105, 1, 24, 0, '[0, 2400, 2400, 2400, 2400, 1, 0, 0, 0, 0, 0]', 24),
(103079215106, 2, 24, 0, '[0, 2400, 2400, 2400, 2400, 1, 0, 0, 0, 0, 0]', 24),
(103079215107, 3, 24, 0, '[0, 2400, 2400, 2400, 2400, 1, 0, 0, 0, 0, 0]', 24),
(103079215108, 4, 24, 0, '[0, 2400, 2400, 2400, 2400, 1, 0, 0, 0, 0, 0]', 24),
(103079215109, 5, 24, 0, '[0, 2400, 2400, 2400, 2400, 1, 0, 0, 0, 0, 0]', 24),
(103079215110, 6, 24, 0, '[0, 2400, 2400, 2400, 2400, 1, 0, 0, 0, 0, 0]', 24),
(103079215111, 7, 24, 0, '[0, 2400, 2400, 2400, 2400, 1, 0, 0, 0, 0, 0]', 24),
(103079215112, 8, 24, 0, '[0, 2400, 2400, 2400, 2400, 1, 0, 0, 0, 0, 0]', 24),
(103079215113, 9, 24, 0, '[0, 2400, 2400, 2400, 2400, 1, 0, 0, 0, 0, 0]', 24),
(107374182400, 0, 25, 0, '[0, 2500, 2500, 2500, 2500, 1, 0, 0, 0, 0, 0]', 25),
(107374182401, 1, 25, 0, '[0, 2500, 2500, 2500, 2500, 1, 0, 0, 0, 0, 0]', 25),
(107374182402, 2, 25, 0, '[0, 2500, 2500, 2500, 2500, 1, 0, 0, 0, 0, 0]', 25),
(107374182403, 3, 25, 0, '[0, 2500, 2500, 2500, 2500, 1, 0, 0, 0, 0, 0]', 25),
(107374182404, 4, 25, 0, '[0, 2500, 2500, 2500, 2500, 1, 0, 0, 0, 0, 0]', 25),
(107374182405, 5, 25, 0, '[0, 2500, 2500, 2500, 2500, 1, 0, 0, 0, 0, 0]', 25),
(107374182406, 6, 25, 0, '[0, 2500, 2500, 2500, 2500, 1, 0, 0, 0, 0, 0]', 25),
(107374182407, 7, 25, 0, '[0, 2500, 2500, 2500, 2500, 1, 0, 0, 0, 0, 0]', 25),
(107374182408, 8, 25, 0, '[0, 2500, 2500, 2500, 2500, 1, 0, 0, 0, 0, 0]', 25),
(107374182409, 9, 25, 0, '[0, 2500, 2500, 2500, 2500, 1, 0, 0, 0, 0, 0]', 25),
(111669149696, 0, 26, 0, '[0, 2600, 2600, 2600, 2600, 1, 0, 0, 0, 0, 0]', 26),
(111669149697, 1, 26, 0, '[0, 2600, 2600, 2600, 2600, 1, 0, 0, 0, 0, 0]', 26),
(111669149698, 2, 26, 0, '[0, 2600, 2600, 2600, 2600, 1, 0, 0, 0, 0, 0]', 26),
(111669149699, 3, 26, 0, '[0, 2600, 2600, 2600, 2600, 1, 0, 0, 0, 0, 0]', 26),
(111669149700, 4, 26, 0, '[0, 2600, 2600, 2600, 2600, 1, 0, 0, 0, 0, 0]', 26),
(111669149701, 5, 26, 0, '[0, 2600, 2600, 2600, 2600, 1, 0, 0, 0, 0, 0]', 26),
(111669149702, 6, 26, 0, '[0, 2600, 2600, 2600, 2600, 1, 0, 0, 0, 0, 0]', 26),
(111669149703, 7, 26, 0, '[0, 2600, 2600, 2600, 2600, 1, 0, 0, 0, 0, 0]', 26),
(111669149704, 8, 26, 0, '[0, 2600, 2600, 2600, 2600, 1, 0, 0, 0, 0, 0]', 26),
(111669149705, 9, 26, 0, '[0, 2600, 2600, 2600, 2600, 1, 0, 0, 0, 0, 0]', 26),
(115964116992, 0, 27, 0, '[0, 2700, 2700, 2700, 2700, 1, 0, 0, 0, 0, 0]', 27),
(115964116993, 1, 27, 0, '[0, 2700, 2700, 2700, 2700, 1, 0, 0, 0, 0, 0]', 27),
(115964116994, 2, 27, 0, '[0, 2700, 2700, 2700, 2700, 1, 0, 0, 0, 0, 0]', 27),
(115964116995, 3, 27, 0, '[0, 2700, 2700, 2700, 2700, 1, 0, 0, 0, 0, 0]', 27),
(115964116996, 4, 27, 0, '[0, 2700, 2700, 2700, 2700, 1, 0, 0, 0, 0, 0]', 27),
(115964116997, 5, 27, 0, '[0, 2700, 2700, 2700, 2700, 1, 0, 0, 0, 0, 0]', 27),
(115964116998, 6, 27, 0, '[0, 2700, 2700, 2700, 2700, 1, 0, 0, 0, 0, 0]', 27),
(115964116999, 7, 27, 0, '[0, 2700, 2700, 2700, 2700, 1, 0, 0, 0, 0, 0]', 27),
(115964117000, 8, 27, 0, '[0, 2700, 2700, 2700, 2700, 1, 0, 0, 0, 0, 0]', 27),
(115964117001, 9, 27, 0, '[0, 2700, 2700, 2700, 2700, 1, 0, 0, 0, 0, 0]', 27),
(120259084288, 0, 28, 0, '[0, 2800, 2800, 2800, 2800, 1, 0, 0, 0, 0, 0]', 28),
(120259084289, 1, 28, 0, '[0, 2800, 2800, 2800, 2800, 1, 0, 0, 0, 0, 0]', 28),
(120259084290, 2, 28, 0, '[0, 2800, 2800, 2800, 2800, 1, 0, 0, 0, 0, 0]', 28),
(120259084291, 3, 28, 0, '[0, 2800, 2800, 2800, 2800, 1, 0, 0, 0, 0, 0]', 28),
(120259084292, 4, 28, 0, '[0, 2800, 2800, 2800, 2800, 1, 0, 0, 0, 0, 0]', 28),
(120259084293, 5, 28, 0, '[0, 2800, 2800, 2800, 2800, 1, 0, 0, 0, 0, 0]', 28),
(120259084294, 6, 28, 0, '[0, 2800, 2800, 2800, 2800, 1, 0, 0, 0, 0, 0]', 28),
(120259084295, 7, 28, 0, '[0, 2800, 2800, 2800, 2800, 1, 0, 0, 0, 0, 0]', 28),
(120259084296, 8, 28, 0, '[0, 2800, 2800, 2800, 2800, 1, 0, 0, 0, 0, 0]', 28),
(120259084297, 9, 28, 0, '[0, 2800, 2800, 2800, 2800, 1, 0, 0, 0, 0, 0]', 28),
(124554051584, 0, 29, 0, '[0, 2900, 2900, 2900, 2900, 1, 0, 0, 0, 0, 0]', 29),
(124554051585, 1, 29, 0, '[0, 2900, 2900, 2900, 2900, 1, 0, 0, 0, 0, 0]', 29),
(124554051586, 2, 29, 0, '[0, 2900, 2900, 2900, 2900, 1, 0, 0, 0, 0, 0]', 29),
(124554051587, 3, 29, 0, '[0, 2900, 2900, 2900, 2900, 1, 0, 0, 0, 0, 0]', 29),
(124554051588, 4, 29, 0, '[0, 2900, 2900, 2900, 2900, 1, 0, 0, 0, 0, 0]', 29),
(124554051589, 5, 29, 0, '[0, 2900, 2900, 2900, 2900, 1, 0, 0, 0, 0, 0]', 29),
(124554051590, 6, 29, 0, '[0, 2900, 2900, 2900, 2900, 1, 0, 0, 0, 0, 0]', 29),
(124554051591, 7, 29, 0, '[0, 2900, 2900, 2900, 2900, 1, 0, 0, 0, 0, 0]', 29),
(124554051592, 8, 29, 0, '[0, 2900, 2900, 2900, 2900, 1, 0, 0, 0, 0, 0]', 29),
(124554051593, 9, 29, 0, '[0, 2900, 2900, 2900, 2900, 1, 0, 0, 0, 0, 0]', 29),
(128849018880, 0, 30, 0, '[0, 3000, 3000, 3000, 3000, 1, 0, 0, 0, 0, 0]', 30),
(128849018881, 1, 30, 0, '[0, 3000, 3000, 3000, 3000, 1, 0, 0, 0, 0, 0]', 30),
(128849018882, 2, 30, 0, '[0, 3000, 3000, 3000, 3000, 1, 0, 0, 0, 0, 0]', 30),
(128849018883, 3, 30, 0, '[0, 3000, 3000, 3000, 3000, 1, 0, 0, 0, 0, 0]', 30),
(128849018884, 4, 30, 0, '[0, 3000, 3000, 3000, 3000, 1, 0, 0, 0, 0, 0]', 30),
(128849018885, 5, 30, 0, '[0, 3000, 3000, 3000, 3000, 1, 0, 0, 0, 0, 0]', 30),
(128849018886, 6, 30, 0, '[0, 3000, 3000, 3000, 3000, 1, 0, 0, 0, 0, 0]', 30),
(128849018887, 7, 30, 0, '[0, 3000, 3000, 3000, 3000, 1, 0, 0, 0, 0, 0]', 30),
(128849018888, 8, 30, 0, '[0, 3000, 3000, 3000, 3000, 1, 0, 0, 0, 0, 0]', 30),
(128849018889, 9, 30, 0, '[0, 3000, 3000, 3000, 3000, 1, 0, 0, 0, 0, 0]', 30),
(133143986176, 0, 31, 0, '[0, 3100, 3100, 3100, 3100, 1, 0, 0, 0, 0, 0]', 31),
(133143986177, 1, 31, 0, '[0, 3100, 3100, 3100, 3100, 1, 0, 0, 0, 0, 0]', 31),
(133143986178, 2, 31, 0, '[0, 3100, 3100, 3100, 3100, 1, 0, 0, 0, 0, 0]', 31),
(133143986179, 3, 31, 0, '[0, 3100, 3100, 3100, 3100, 1, 0, 0, 0, 0, 0]', 31),
(133143986180, 4, 31, 0, '[0, 3100, 3100, 3100, 3100, 1, 0, 0, 0, 0, 0]', 31),
(133143986181, 5, 31, 0, '[0, 3100, 3100, 3100, 3100, 1, 0, 0, 0, 0, 0]', 31),
(133143986182, 6, 31, 0, '[0, 3100, 3100, 3100, 3100, 1, 0, 0, 0, 0, 0]', 31),
(133143986183, 7, 31, 0, '[0, 3100, 3100, 3100, 3100, 1, 0, 0, 0, 0, 0]', 31),
(133143986184, 8, 31, 0, '[0, 3100, 3100, 3100, 3100, 1, 0, 0, 0, 0, 0]', 31),
(133143986185, 9, 31, 0, '[0, 3100, 3100, 3100, 3100, 1, 0, 0, 0, 0, 0]', 31),
(137438953472, 0, 32, 0, '[0, 3200, 3200, 3200, 3200, 1, 0, 0, 0, 0, 0]', 32),
(137438953473, 1, 32, 0, '[0, 3200, 3200, 3200, 3200, 1, 0, 0, 0, 0, 0]', 32),
(137438953474, 2, 32, 0, '[0, 3200, 3200, 3200, 3200, 1, 0, 0, 0, 0, 0]', 32),
(137438953475, 3, 32, 0, '[0, 3200, 3200, 3200, 3200, 1, 0, 0, 0, 0, 0]', 32),
(137438953476, 4, 32, 0, '[0, 3200, 3200, 3200, 3200, 1, 0, 0, 0, 0, 0]', 32),
(137438953477, 5, 32, 0, '[0, 3200, 3200, 3200, 3200, 1, 0, 0, 0, 0, 0]', 32),
(137438953478, 6, 32, 0, '[0, 3200, 3200, 3200, 3200, 1, 0, 0, 0, 0, 0]', 32),
(137438953479, 7, 32, 0, '[0, 3200, 3200, 3200, 3200, 1, 0, 0, 0, 0, 0]', 32),
(137438953480, 8, 32, 0, '[0, 3200, 3200, 3200, 3200, 1, 0, 0, 0, 0, 0]', 32),
(137438953481, 9, 32, 0, '[0, 3200, 3200, 3200, 3200, 1, 0, 0, 0, 0, 0]', 32),
(141733920768, 0, 33, 0, '[0, 3300, 3300, 3300, 3300, 1, 0, 0, 0, 0, 0]', 33),
(141733920769, 1, 33, 0, '[0, 3300, 3300, 3300, 3300, 1, 0, 0, 0, 0, 0]', 33),
(141733920770, 2, 33, 0, '[0, 3300, 3300, 3300, 3300, 1, 0, 0, 0, 0, 0]', 33),
(141733920771, 3, 33, 0, '[0, 3300, 3300, 3300, 3300, 1, 0, 0, 0, 0, 0]', 33),
(141733920772, 4, 33, 0, '[0, 3300, 3300, 3300, 3300, 1, 0, 0, 0, 0, 0]', 33),
(141733920773, 5, 33, 0, '[0, 3300, 3300, 3300, 3300, 1, 0, 0, 0, 0, 0]', 33),
(141733920774, 6, 33, 0, '[0, 3300, 3300, 3300, 3300, 1, 0, 0, 0, 0, 0]', 33),
(141733920775, 7, 33, 0, '[0, 3300, 3300, 3300, 3300, 1, 0, 0, 0, 0, 0]', 33),
(141733920776, 8, 33, 0, '[0, 3300, 3300, 3300, 3300, 1, 0, 0, 0, 0, 0]', 33),
(141733920777, 9, 33, 0, '[0, 3300, 3300, 3300, 3300, 1, 0, 0, 0, 0, 0]', 33),
(146028888064, 0, 34, 0, '[0, 3400, 3400, 3400, 3400, 1, 0, 0, 0, 0, 0]', 34),
(146028888065, 1, 34, 0, '[0, 3400, 3400, 3400, 3400, 1, 0, 0, 0, 0, 0]', 34),
(146028888066, 2, 34, 0, '[0, 3400, 3400, 3400, 3400, 1, 0, 0, 0, 0, 0]', 34),
(146028888067, 3, 34, 0, '[0, 3400, 3400, 3400, 3400, 1, 0, 0, 0, 0, 0]', 34),
(146028888068, 4, 34, 0, '[0, 3400, 3400, 3400, 3400, 1, 0, 0, 0, 0, 0]', 34),
(146028888069, 5, 34, 0, '[0, 3400, 3400, 3400, 3400, 1, 0, 0, 0, 0, 0]', 34),
(146028888070, 6, 34, 0, '[0, 3400, 3400, 3400, 3400, 1, 0, 0, 0, 0, 0]', 34),
(146028888071, 7, 34, 0, '[0, 3400, 3400, 3400, 3400, 1, 0, 0, 0, 0, 0]', 34),
(146028888072, 8, 34, 0, '[0, 3400, 3400, 3400, 3400, 1, 0, 0, 0, 0, 0]', 34),
(146028888073, 9, 34, 0, '[0, 3400, 3400, 3400, 3400, 1, 0, 0, 0, 0, 0]', 34),
(150323855360, 0, 35, 0, '[0, 3500, 3500, 3500, 3500, 1, 0, 0, 0, 0, 0]', 35),
(150323855361, 1, 35, 0, '[0, 3500, 3500, 3500, 3500, 1, 0, 0, 0, 0, 0]', 35),
(150323855362, 2, 35, 0, '[0, 3500, 3500, 3500, 3500, 1, 0, 0, 0, 0, 0]', 35),
(150323855363, 3, 35, 0, '[0, 3500, 3500, 3500, 3500, 1, 0, 0, 0, 0, 0]', 35),
(150323855364, 4, 35, 0, '[0, 3500, 3500, 3500, 3500, 1, 0, 0, 0, 0, 0]', 35),
(150323855365, 5, 35, 0, '[0, 3500, 3500, 3500, 3500, 1, 0, 0, 0, 0, 0]', 35),
(150323855366, 6, 35, 0, '[0, 3500, 3500, 3500, 3500, 1, 0, 0, 0, 0, 0]', 35),
(150323855367, 7, 35, 0, '[0, 3500, 3500, 3500, 3500, 1, 0, 0, 0, 0, 0]', 35),
(150323855368, 8, 35, 0, '[0, 3500, 3500, 3500, 3500, 1, 0, 0, 0, 0, 0]', 35),
(150323855369, 9, 35, 0, '[0, 3500, 3500, 3500, 3500, 1, 0, 0, 0, 0, 0]', 35),
(154618822656, 0, 36, 0, '[0, 3600, 3600, 3600, 3600, 1, 0, 0, 0, 0, 0]', 36),
(154618822657, 1, 36, 0, '[0, 3600, 3600, 3600, 3600, 1, 0, 0, 0, 0, 0]', 36),
(154618822658, 2, 36, 0, '[0, 3600, 3600, 3600, 3600, 1, 0, 0, 0, 0, 0]', 36),
(154618822659, 3, 36, 0, '[0, 3600, 3600, 3600, 3600, 1, 0, 0, 0, 0, 0]', 36),
(154618822660, 4, 36, 0, '[0, 3600, 3600, 3600, 3600, 1, 0, 0, 0, 0, 0]', 36),
(154618822661, 5, 36, 0, '[0, 3600, 3600, 3600, 3600, 1, 0, 0, 0, 0, 0]', 36),
(154618822662, 6, 36, 0, '[0, 3600, 3600, 3600, 3600, 1, 0, 0, 0, 0, 0]', 36),
(154618822663, 7, 36, 0, '[0, 3600, 3600, 3600, 3600, 1, 0, 0, 0, 0, 0]', 36),
(154618822664, 8, 36, 0, '[0, 3600, 3600, 3600, 3600, 1, 0, 0, 0, 0, 0]', 36),
(154618822665, 9, 36, 0, '[0, 3600, 3600, 3600, 3600, 1, 0, 0, 0, 0, 0]', 36),
(158913789952, 0, 37, 0, '[0, 3700, 3700, 3700, 3700, 1, 0, 0, 0, 0, 0]', 37),
(158913789953, 1, 37, 0, '[0, 3700, 3700, 3700, 3700, 1, 0, 0, 0, 0, 0]', 37),
(158913789954, 2, 37, 0, '[0, 3700, 3700, 3700, 3700, 1, 0, 0, 0, 0, 0]', 37),
(158913789955, 3, 37, 0, '[0, 3700, 3700, 3700, 3700, 1, 0, 0, 0, 0, 0]', 37),
(158913789956, 4, 37, 0, '[0, 3700, 3700, 3700, 3700, 1, 0, 0, 0, 0, 0]', 37),
(158913789957, 5, 37, 0, '[0, 3700, 3700, 3700, 3700, 1, 0, 0, 0, 0, 0]', 37),
(158913789958, 6, 37, 0, '[0, 3700, 3700, 3700, 3700, 1, 0, 0, 0, 0, 0]', 37),
(158913789959, 7, 37, 0, '[0, 3700, 3700, 3700, 3700, 1, 0, 0, 0, 0, 0]', 37),
(158913789960, 8, 37, 0, '[0, 3700, 3700, 3700, 3700, 1, 0, 0, 0, 0, 0]', 37),
(158913789961, 9, 37, 0, '[0, 3700, 3700, 3700, 3700, 1, 0, 0, 0, 0, 0]', 37),
(163208757248, 0, 38, 0, '[0, 3800, 3800, 3800, 3800, 1, 0, 0, 0, 0, 0]', 38),
(163208757249, 1, 38, 0, '[0, 3800, 3800, 3800, 3800, 1, 0, 0, 0, 0, 0]', 38),
(163208757250, 2, 38, 0, '[0, 3800, 3800, 3800, 3800, 1, 0, 0, 0, 0, 0]', 38),
(163208757251, 3, 38, 0, '[0, 3800, 3800, 3800, 3800, 1, 0, 0, 0, 0, 0]', 38),
(163208757252, 4, 38, 0, '[0, 3800, 3800, 3800, 3800, 1, 0, 0, 0, 0, 0]', 38),
(163208757253, 5, 38, 0, '[0, 3800, 3800, 3800, 3800, 1, 0, 0, 0, 0, 0]', 38),
(163208757254, 6, 38, 0, '[0, 3800, 3800, 3800, 3800, 1, 0, 0, 0, 0, 0]', 38),
(163208757255, 7, 38, 0, '[0, 3800, 3800, 3800, 3800, 1, 0, 0, 0, 0, 0]', 38),
(163208757256, 8, 38, 0, '[0, 3800, 3800, 3800, 3800, 1, 0, 0, 0, 0, 0]', 38),
(163208757257, 9, 38, 0, '[0, 3800, 3800, 3800, 3800, 1, 0, 0, 0, 0, 0]', 38),
(167503724544, 0, 39, 0, '[0, 3900, 3900, 3900, 3900, 1, 0, 0, 0, 0, 0]', 39),
(167503724545, 1, 39, 0, '[0, 3900, 3900, 3900, 3900, 1, 0, 0, 0, 0, 0]', 39),
(167503724546, 2, 39, 0, '[0, 3900, 3900, 3900, 3900, 1, 0, 0, 0, 0, 0]', 39),
(167503724547, 3, 39, 0, '[0, 3900, 3900, 3900, 3900, 1, 0, 0, 0, 0, 0]', 39),
(167503724548, 4, 39, 0, '[0, 3900, 3900, 3900, 3900, 1, 0, 0, 0, 0, 0]', 39),
(167503724549, 5, 39, 0, '[0, 3900, 3900, 3900, 3900, 1, 0, 0, 0, 0, 0]', 39),
(167503724550, 6, 39, 0, '[0, 3900, 3900, 3900, 3900, 1, 0, 0, 0, 0, 0]', 39),
(167503724551, 7, 39, 0, '[0, 3900, 3900, 3900, 3900, 1, 0, 0, 0, 0, 0]', 39),
(167503724552, 8, 39, 0, '[0, 3900, 3900, 3900, 3900, 1, 0, 0, 0, 0, 0]', 39),
(167503724553, 9, 39, 0, '[0, 3900, 3900, 3900, 3900, 1, 0, 0, 0, 0, 0]', 39),
(171798691840, 0, 40, 0, '[0, 4000, 4000, 4000, 4000, 1, 0, 0, 0, 0, 0]', 40),
(171798691841, 1, 40, 0, '[0, 4000, 4000, 4000, 4000, 1, 0, 0, 0, 0, 0]', 40),
(171798691842, 2, 40, 0, '[0, 4000, 4000, 4000, 4000, 1, 0, 0, 0, 0, 0]', 40),
(171798691843, 3, 40, 0, '[0, 4000, 4000, 4000, 4000, 1, 0, 0, 0, 0, 0]', 40),
(171798691844, 4, 40, 0, '[0, 4000, 4000, 4000, 4000, 1, 0, 0, 0, 0, 0]', 40),
(171798691845, 5, 40, 0, '[0, 4000, 4000, 4000, 4000, 1, 0, 0, 0, 0, 0]', 40),
(171798691846, 6, 40, 0, '[0, 4000, 4000, 4000, 4000, 1, 0, 0, 0, 0, 0]', 40),
(171798691847, 7, 40, 0, '[0, 4000, 4000, 4000, 4000, 1, 0, 0, 0, 0, 0]', 40),
(171798691848, 8, 40, 0, '[0, 4000, 4000, 4000, 4000, 1, 0, 0, 0, 0, 0]', 40),
(171798691849, 9, 40, 0, '[0, 4000, 4000, 4000, 4000, 1, 0, 0, 0, 0, 0]', 40),
(176093659136, 0, 41, 0, '[0, 4100, 4100, 4100, 4100, 1, 0, 0, 0, 0, 0]', 41),
(176093659137, 1, 41, 0, '[0, 4100, 4100, 4100, 4100, 1, 0, 0, 0, 0, 0]', 41),
(176093659138, 2, 41, 0, '[0, 4100, 4100, 4100, 4100, 1, 0, 0, 0, 0, 0]', 41),
(176093659139, 3, 41, 0, '[0, 4100, 4100, 4100, 4100, 1, 0, 0, 0, 0, 0]', 41),
(176093659140, 4, 41, 0, '[0, 4100, 4100, 4100, 4100, 1, 0, 0, 0, 0, 0]', 41),
(176093659141, 5, 41, 0, '[0, 4100, 4100, 4100, 4100, 1, 0, 0, 0, 0, 0]', 41),
(176093659142, 6, 41, 0, '[0, 4100, 4100, 4100, 4100, 1, 0, 0, 0, 0, 0]', 41),
(176093659143, 7, 41, 0, '[0, 4100, 4100, 4100, 4100, 1, 0, 0, 0, 0, 0]', 41),
(176093659144, 8, 41, 0, '[0, 4100, 4100, 4100, 4100, 1, 0, 0, 0, 0, 0]', 41),
(176093659145, 9, 41, 0, '[0, 4100, 4100, 4100, 4100, 1, 0, 0, 0, 0, 0]', 41),
(180388626432, 0, 42, 0, '[0, 4200, 4200, 4200, 4200, 1, 0, 0, 0, 0, 0]', 42),
(180388626433, 1, 42, 0, '[0, 4200, 4200, 4200, 4200, 1, 0, 0, 0, 0, 0]', 42),
(180388626434, 2, 42, 0, '[0, 4200, 4200, 4200, 4200, 1, 0, 0, 0, 0, 0]', 42),
(180388626435, 3, 42, 0, '[0, 4200, 4200, 4200, 4200, 1, 0, 0, 0, 0, 0]', 42),
(180388626436, 4, 42, 0, '[0, 4200, 4200, 4200, 4200, 1, 0, 0, 0, 0, 0]', 42),
(180388626437, 5, 42, 0, '[0, 4200, 4200, 4200, 4200, 1, 0, 0, 0, 0, 0]', 42),
(180388626438, 6, 42, 0, '[0, 4200, 4200, 4200, 4200, 1, 0, 0, 0, 0, 0]', 42),
(180388626439, 7, 42, 0, '[0, 4200, 4200, 4200, 4200, 1, 0, 0, 0, 0, 0]', 42),
(180388626440, 8, 42, 0, '[0, 4200, 4200, 4200, 4200, 1, 0, 0, 0, 0, 0]', 42),
(180388626441, 9, 42, 0, '[0, 4200, 4200, 4200, 4200, 1, 0, 0, 0, 0, 0]', 42),
(184683593728, 0, 43, 0, '[0, 4300, 4300, 4300, 4300, 1, 0, 0, 0, 0, 0]', 43),
(184683593729, 1, 43, 0, '[0, 4300, 4300, 4300, 4300, 1, 0, 0, 0, 0, 0]', 43),
(184683593730, 2, 43, 0, '[0, 4300, 4300, 4300, 4300, 1, 0, 0, 0, 0, 0]', 43),
(184683593731, 3, 43, 0, '[0, 4300, 4300, 4300, 4300, 1, 0, 0, 0, 0, 0]', 43),
(184683593732, 4, 43, 0, '[0, 4300, 4300, 4300, 4300, 1, 0, 0, 0, 0, 0]', 43),
(184683593733, 5, 43, 0, '[0, 4300, 4300, 4300, 4300, 1, 0, 0, 0, 0, 0]', 43),
(184683593734, 6, 43, 0, '[0, 4300, 4300, 4300, 4300, 1, 0, 0, 0, 0, 0]', 43),
(184683593735, 7, 43, 0, '[0, 4300, 4300, 4300, 4300, 1, 0, 0, 0, 0, 0]', 43),
(184683593736, 8, 43, 0, '[0, 4300, 4300, 4300, 4300, 1, 0, 0, 0, 0, 0]', 43),
(184683593737, 9, 43, 0, '[0, 4300, 4300, 4300, 4300, 1, 0, 0, 0, 0, 0]', 43),
(188978561024, 0, 44, 0, '[0, 4400, 4400, 4400, 4400, 1, 0, 0, 0, 0, 0]', 44),
(188978561025, 1, 44, 0, '[0, 4400, 4400, 4400, 4400, 1, 0, 0, 0, 0, 0]', 44),
(188978561026, 2, 44, 0, '[0, 4400, 4400, 4400, 4400, 1, 0, 0, 0, 0, 0]', 44),
(188978561027, 3, 44, 0, '[0, 4400, 4400, 4400, 4400, 1, 0, 0, 0, 0, 0]', 44),
(188978561028, 4, 44, 0, '[0, 4400, 4400, 4400, 4400, 1, 0, 0, 0, 0, 0]', 44),
(188978561029, 5, 44, 0, '[0, 4400, 4400, 4400, 4400, 1, 0, 0, 0, 0, 0]', 44),
(188978561030, 6, 44, 0, '[0, 4400, 4400, 4400, 4400, 1, 0, 0, 0, 0, 0]', 44),
(188978561031, 7, 44, 0, '[0, 4400, 4400, 4400, 4400, 1, 0, 0, 0, 0, 0]', 44),
(188978561032, 8, 44, 0, '[0, 4400, 4400, 4400, 4400, 1, 0, 0, 0, 0, 0]', 44),
(188978561033, 9, 44, 0, '[0, 4400, 4400, 4400, 4400, 1, 0, 0, 0, 0, 0]', 44),
(193273528320, 0, 45, 0, '[0, 4500, 4500, 4500, 4500, 1, 0, 0, 0, 0, 0]', 45),
(193273528321, 1, 45, 0, '[0, 4500, 4500, 4500, 4500, 1, 0, 0, 0, 0, 0]', 45),
(193273528322, 2, 45, 0, '[0, 4500, 4500, 4500, 4500, 1, 0, 0, 0, 0, 0]', 45),
(193273528323, 3, 45, 0, '[0, 4500, 4500, 4500, 4500, 1, 0, 0, 0, 0, 0]', 45),
(193273528324, 4, 45, 0, '[0, 4500, 4500, 4500, 4500, 1, 0, 0, 0, 0, 0]', 45),
(193273528325, 5, 45, 0, '[0, 4500, 4500, 4500, 4500, 1, 0, 0, 0, 0, 0]', 45),
(193273528326, 6, 45, 0, '[0, 4500, 4500, 4500, 4500, 1, 0, 0, 0, 0, 0]', 45),
(193273528327, 7, 45, 0, '[0, 4500, 4500, 4500, 4500, 1, 0, 0, 0, 0, 0]', 45),
(193273528328, 8, 45, 0, '[0, 4500, 4500, 4500, 4500, 1, 0, 0, 0, 0, 0]', 45),
(193273528329, 9, 45, 0, '[0, 4500, 4500, 4500, 4500, 1, 0, 0, 0, 0, 0]', 45),
(197568495616, 0, 46, 0, '[0, 4600, 4600, 4600, 4600, 1, 0, 0, 0, 0, 0]', 46),
(197568495617, 1, 46, 0, '[0, 4600, 4600, 4600, 4600, 1, 0, 0, 0, 0, 0]', 46),
(197568495618, 2, 46, 0, '[0, 4600, 4600, 4600, 4600, 1, 0, 0, 0, 0, 0]', 46),
(197568495619, 3, 46, 0, '[0, 4600, 4600, 4600, 4600, 1, 0, 0, 0, 0, 0]', 46),
(197568495620, 4, 46, 0, '[0, 4600, 4600, 4600, 4600, 1, 0, 0, 0, 0, 0]', 46),
(197568495621, 5, 46, 0, '[0, 4600, 4600, 4600, 4600, 1, 0, 0, 0, 0, 0]', 46),
(197568495622, 6, 46, 0, '[0, 4600, 4600, 4600, 4600, 1, 0, 0, 0, 0, 0]', 46),
(197568495623, 7, 46, 0, '[0, 4600, 4600, 4600, 4600, 1, 0, 0, 0, 0, 0]', 46),
(197568495624, 8, 46, 0, '[0, 4600, 4600, 4600, 4600, 1, 0, 0, 0, 0, 0]', 46),
(197568495625, 9, 46, 0, '[0, 4600, 4600, 4600, 4600, 1, 0, 0, 0, 0, 0]', 46),
(201863462912, 0, 47, 0, '[0, 4700, 4700, 4700, 4700, 1, 0, 0, 0, 0, 0]', 47),
(201863462913, 1, 47, 0, '[0, 4700, 4700, 4700, 4700, 1, 0, 0, 0, 0, 0]', 47),
(201863462914, 2, 47, 0, '[0, 4700, 4700, 4700, 4700, 1, 0, 0, 0, 0, 0]', 47),
(201863462915, 3, 47, 0, '[0, 4700, 4700, 4700, 4700, 1, 0, 0, 0, 0, 0]', 47),
(201863462916, 4, 47, 0, '[0, 4700, 4700, 4700, 4700, 1, 0, 0, 0, 0, 0]', 47),
(201863462917, 5, 47, 0, '[0, 4700, 4700, 4700, 4700, 1, 0, 0, 0, 0, 0]', 47),
(201863462918, 6, 47, 0, '[0, 4700, 4700, 4700, 4700, 1, 0, 0, 0, 0, 0]', 47),
(201863462919, 7, 47, 0, '[0, 4700, 4700, 4700, 4700, 1, 0, 0, 0, 0, 0]', 47),
(201863462920, 8, 47, 0, '[0, 4700, 4700, 4700, 4700, 1, 0, 0, 0, 0, 0]', 47),
(201863462921, 9, 47, 0, '[0, 4700, 4700, 4700, 4700, 1, 0, 0, 0, 0, 0]', 47),
(206158430208, 0, 48, 0, '[0, 4800, 4800, 4800, 4800, 1, 0, 0, 0, 0, 0]', 48),
(206158430209, 1, 48, 0, '[0, 4800, 4800, 4800, 4800, 1, 0, 0, 0, 0, 0]', 48),
(206158430210, 2, 48, 0, '[0, 4800, 4800, 4800, 4800, 1, 0, 0, 0, 0, 0]', 48),
(206158430211, 3, 48, 0, '[0, 4800, 4800, 4800, 4800, 1, 0, 0, 0, 0, 0]', 48),
(206158430212, 4, 48, 0, '[0, 4800, 4800, 4800, 4800, 1, 0, 0, 0, 0, 0]', 48),
(206158430213, 5, 48, 0, '[0, 4800, 4800, 4800, 4800, 1, 0, 0, 0, 0, 0]', 48),
(206158430214, 6, 48, 0, '[0, 4800, 4800, 4800, 4800, 1, 0, 0, 0, 0, 0]', 48),
(206158430215, 7, 48, 0, '[0, 4800, 4800, 4800, 4800, 1, 0, 0, 0, 0, 0]', 48),
(206158430216, 8, 48, 0, '[0, 4800, 4800, 4800, 4800, 1, 0, 0, 0, 0, 0]', 48),
(206158430217, 9, 48, 0, '[0, 4800, 4800, 4800, 4800, 1, 0, 0, 0, 0, 0]', 48),
(210453397504, 0, 49, 0, '[0, 4900, 4900, 4900, 4900, 1, 0, 0, 0, 0, 0]', 49),
(210453397505, 1, 49, 0, '[0, 4900, 4900, 4900, 4900, 1, 0, 0, 0, 0, 0]', 49),
(210453397506, 2, 49, 0, '[0, 4900, 4900, 4900, 4900, 1, 0, 0, 0, 0, 0]', 49),
(210453397507, 3, 49, 0, '[0, 4900, 4900, 4900, 4900, 1, 0, 0, 0, 0, 0]', 49),
(210453397508, 4, 49, 0, '[0, 4900, 4900, 4900, 4900, 1, 0, 0, 0, 0, 0]', 49),
(210453397509, 5, 49, 0, '[0, 4900, 4900, 4900, 4900, 1, 0, 0, 0, 0, 0]', 49),
(210453397510, 6, 49, 0, '[0, 4900, 4900, 4900, 4900, 1, 0, 0, 0, 0, 0]', 49),
(210453397511, 7, 49, 0, '[0, 4900, 4900, 4900, 4900, 1, 0, 0, 0, 0, 0]', 49),
(210453397512, 8, 49, 0, '[0, 4900, 4900, 4900, 4900, 1, 0, 0, 0, 0, 0]', 49),
(210453397513, 9, 49, 0, '[0, 4900, 4900, 4900, 4900, 1, 0, 0, 0, 0, 0]', 49),
(214748364800, 0, 50, 0, '[0, 5000, 5000, 5000, 5000, 1, 0, 0, 0, 0, 0]', 50),
(214748364801, 1, 50, 0, '[0, 5000, 5000, 5000, 5000, 1, 0, 0, 0, 0, 0]', 50),
(214748364802, 2, 50, 0, '[0, 5000, 5000, 5000, 5000, 1, 0, 0, 0, 0, 0]', 50),
(214748364803, 3, 50, 0, '[0, 5000, 5000, 5000, 5000, 1, 0, 0, 0, 0, 0]', 50),
(214748364804, 4, 50, 0, '[0, 5000, 5000, 5000, 5000, 1, 0, 0, 0, 0, 0]', 50),
(214748364805, 5, 50, 0, '[0, 5000, 5000, 5000, 5000, 1, 0, 0, 0, 0, 0]', 50),
(214748364806, 6, 50, 0, '[0, 5000, 5000, 5000, 5000, 1, 0, 0, 0, 0, 0]', 50),
(214748364807, 7, 50, 0, '[0, 5000, 5000, 5000, 5000, 1, 0, 0, 0, 0, 0]', 50),
(214748364808, 8, 50, 0, '[0, 5000, 5000, 5000, 5000, 1, 0, 0, 0, 0, 0]', 50),
(214748364809, 9, 50, 0, '[0, 5000, 5000, 5000, 5000, 1, 0, 0, 0, 0, 0]', 50),
(219043332096, 0, 51, 0, '[0, 5100, 5100, 5100, 5100, 1, 0, 0, 0, 0, 0]', 51),
(219043332097, 1, 51, 0, '[0, 5100, 5100, 5100, 5100, 1, 0, 0, 0, 0, 0]', 51),
(219043332098, 2, 51, 0, '[0, 5100, 5100, 5100, 5100, 1, 0, 0, 0, 0, 0]', 51),
(219043332099, 3, 51, 0, '[0, 5100, 5100, 5100, 5100, 1, 0, 0, 0, 0, 0]', 51),
(219043332100, 4, 51, 0, '[0, 5100, 5100, 5100, 5100, 1, 0, 0, 0, 0, 0]', 51),
(219043332101, 5, 51, 0, '[0, 5100, 5100, 5100, 5100, 1, 0, 0, 0, 0, 0]', 51),
(219043332102, 6, 51, 0, '[0, 5100, 5100, 5100, 5100, 1, 0, 0, 0, 0, 0]', 51),
(219043332103, 7, 51, 0, '[0, 5100, 5100, 5100, 5100, 1, 0, 0, 0, 0, 0]', 51),
(219043332104, 8, 51, 0, '[0, 5100, 5100, 5100, 5100, 1, 0, 0, 0, 0, 0]', 51),
(219043332105, 9, 51, 0, '[0, 5100, 5100, 5100, 5100, 1, 0, 0, 0, 0, 0]', 51),
(223338299392, 0, 52, 0, '[0, 5200, 5200, 5200, 5200, 1, 0, 0, 0, 0, 0]', 52),
(223338299393, 1, 52, 0, '[0, 5200, 5200, 5200, 5200, 1, 0, 0, 0, 0, 0]', 52),
(223338299394, 2, 52, 0, '[0, 5200, 5200, 5200, 5200, 1, 0, 0, 0, 0, 0]', 52),
(223338299395, 3, 52, 0, '[0, 5200, 5200, 5200, 5200, 1, 0, 0, 0, 0, 0]', 52),
(223338299396, 4, 52, 0, '[0, 5200, 5200, 5200, 5200, 1, 0, 0, 0, 0, 0]', 52),
(223338299397, 5, 52, 0, '[0, 5200, 5200, 5200, 5200, 1, 0, 0, 0, 0, 0]', 52),
(223338299398, 6, 52, 0, '[0, 5200, 5200, 5200, 5200, 1, 0, 0, 0, 0, 0]', 52),
(223338299399, 7, 52, 0, '[0, 5200, 5200, 5200, 5200, 1, 0, 0, 0, 0, 0]', 52),
(223338299400, 8, 52, 0, '[0, 5200, 5200, 5200, 5200, 1, 0, 0, 0, 0, 0]', 52),
(223338299401, 9, 52, 0, '[0, 5200, 5200, 5200, 5200, 1, 0, 0, 0, 0, 0]', 52),
(227633266688, 0, 53, 0, '[0, 5300, 5300, 5300, 5300, 1, 0, 0, 0, 0, 0]', 53),
(227633266689, 1, 53, 0, '[0, 5300, 5300, 5300, 5300, 1, 0, 0, 0, 0, 0]', 53),
(227633266690, 2, 53, 0, '[0, 5300, 5300, 5300, 5300, 1, 0, 0, 0, 0, 0]', 53),
(227633266691, 3, 53, 0, '[0, 5300, 5300, 5300, 5300, 1, 0, 0, 0, 0, 0]', 53),
(227633266692, 4, 53, 0, '[0, 5300, 5300, 5300, 5300, 1, 0, 0, 0, 0, 0]', 53),
(227633266693, 5, 53, 0, '[0, 5300, 5300, 5300, 5300, 1, 0, 0, 0, 0, 0]', 53),
(227633266694, 6, 53, 0, '[0, 5300, 5300, 5300, 5300, 1, 0, 0, 0, 0, 0]', 53),
(227633266695, 7, 53, 0, '[0, 5300, 5300, 5300, 5300, 1, 0, 0, 0, 0, 0]', 53),
(227633266696, 8, 53, 0, '[0, 5300, 5300, 5300, 5300, 1, 0, 0, 0, 0, 0]', 53),
(227633266697, 9, 53, 0, '[0, 5300, 5300, 5300, 5300, 1, 0, 0, 0, 0, 0]', 53),
(231928233984, 0, 54, 0, '[0, 5400, 5400, 5400, 5400, 1, 0, 0, 0, 0, 0]', 54),
(231928233985, 1, 54, 0, '[0, 5400, 5400, 5400, 5400, 1, 0, 0, 0, 0, 0]', 54),
(231928233986, 2, 54, 0, '[0, 5400, 5400, 5400, 5400, 1, 0, 0, 0, 0, 0]', 54),
(231928233987, 3, 54, 0, '[0, 5400, 5400, 5400, 5400, 1, 0, 0, 0, 0, 0]', 54),
(231928233988, 4, 54, 0, '[0, 5400, 5400, 5400, 5400, 1, 0, 0, 0, 0, 0]', 54),
(231928233989, 5, 54, 0, '[0, 5400, 5400, 5400, 5400, 1, 0, 0, 0, 0, 0]', 54),
(231928233990, 6, 54, 0, '[0, 5400, 5400, 5400, 5400, 1, 0, 0, 0, 0, 0]', 54),
(231928233991, 7, 54, 0, '[0, 5400, 5400, 5400, 5400, 1, 0, 0, 0, 0, 0]', 54),
(231928233992, 8, 54, 0, '[0, 5400, 5400, 5400, 5400, 1, 0, 0, 0, 0, 0]', 54),
(231928233993, 9, 54, 0, '[0, 5400, 5400, 5400, 5400, 1, 0, 0, 0, 0, 0]', 54),
(236223201280, 0, 55, 0, '[0, 5500, 5500, 5500, 5500, 1, 0, 0, 0, 0, 0]', 55),
(236223201281, 1, 55, 0, '[0, 5500, 5500, 5500, 5500, 1, 0, 0, 0, 0, 0]', 55),
(236223201282, 2, 55, 0, '[0, 5500, 5500, 5500, 5500, 1, 0, 0, 0, 0, 0]', 55),
(236223201283, 3, 55, 0, '[0, 5500, 5500, 5500, 5500, 1, 0, 0, 0, 0, 0]', 55),
(236223201284, 4, 55, 0, '[0, 5500, 5500, 5500, 5500, 1, 0, 0, 0, 0, 0]', 55),
(236223201285, 5, 55, 0, '[0, 5500, 5500, 5500, 5500, 1, 0, 0, 0, 0, 0]', 55),
(236223201286, 6, 55, 0, '[0, 5500, 5500, 5500, 5500, 1, 0, 0, 0, 0, 0]', 55),
(236223201287, 7, 55, 0, '[0, 5500, 5500, 5500, 5500, 1, 0, 0, 0, 0, 0]', 55),
(236223201288, 8, 55, 0, '[0, 5500, 5500, 5500, 5500, 1, 0, 0, 0, 0, 0]', 55),
(236223201289, 9, 55, 0, '[0, 5500, 5500, 5500, 5500, 1, 0, 0, 0, 0, 0]', 55),
(240518168576, 0, 56, 0, '[0, 5600, 5600, 5600, 5600, 1, 0, 0, 0, 0, 0]', 56),
(240518168577, 1, 56, 0, '[0, 5600, 5600, 5600, 5600, 1, 0, 0, 0, 0, 0]', 56),
(240518168578, 2, 56, 0, '[0, 5600, 5600, 5600, 5600, 1, 0, 0, 0, 0, 0]', 56),
(240518168579, 3, 56, 0, '[0, 5600, 5600, 5600, 5600, 1, 0, 0, 0, 0, 0]', 56),
(240518168580, 4, 56, 0, '[0, 5600, 5600, 5600, 5600, 1, 0, 0, 0, 0, 0]', 56),
(240518168581, 5, 56, 0, '[0, 5600, 5600, 5600, 5600, 1, 0, 0, 0, 0, 0]', 56),
(240518168582, 6, 56, 0, '[0, 5600, 5600, 5600, 5600, 1, 0, 0, 0, 0, 0]', 56),
(240518168583, 7, 56, 0, '[0, 5600, 5600, 5600, 5600, 1, 0, 0, 0, 0, 0]', 56),
(240518168584, 8, 56, 0, '[0, 5600, 5600, 5600, 5600, 1, 0, 0, 0, 0, 0]', 56),
(240518168585, 9, 56, 0, '[0, 5600, 5600, 5600, 5600, 1, 0, 0, 0, 0, 0]', 56),
(244813135872, 0, 57, 0, '[0, 5700, 5700, 5700, 5700, 1, 0, 0, 0, 0, 0]', 57),
(244813135873, 1, 57, 0, '[0, 5700, 5700, 5700, 5700, 1, 0, 0, 0, 0, 0]', 57),
(244813135874, 2, 57, 0, '[0, 5700, 5700, 5700, 5700, 1, 0, 0, 0, 0, 0]', 57),
(244813135875, 3, 57, 0, '[0, 5700, 5700, 5700, 5700, 1, 0, 0, 0, 0, 0]', 57),
(244813135876, 4, 57, 0, '[0, 5700, 5700, 5700, 5700, 1, 0, 0, 0, 0, 0]', 57),
(244813135877, 5, 57, 0, '[0, 5700, 5700, 5700, 5700, 1, 0, 0, 0, 0, 0]', 57),
(244813135878, 6, 57, 0, '[0, 5700, 5700, 5700, 5700, 1, 0, 0, 0, 0, 0]', 57),
(244813135879, 7, 57, 0, '[0, 5700, 5700, 5700, 5700, 1, 0, 0, 0, 0, 0]', 57),
(244813135880, 8, 57, 0, '[0, 5700, 5700, 5700, 5700, 1, 0, 0, 0, 0, 0]', 57),
(244813135881, 9, 57, 0, '[0, 5700, 5700, 5700, 5700, 1, 0, 0, 0, 0, 0]', 57),
(249108103168, 0, 58, 0, '[0, 5800, 5800, 5800, 5800, 1, 0, 0, 0, 0, 0]', 58),
(249108103169, 1, 58, 0, '[0, 5800, 5800, 5800, 5800, 1, 0, 0, 0, 0, 0]', 58),
(249108103170, 2, 58, 0, '[0, 5800, 5800, 5800, 5800, 1, 0, 0, 0, 0, 0]', 58),
(249108103171, 3, 58, 0, '[0, 5800, 5800, 5800, 5800, 1, 0, 0, 0, 0, 0]', 58),
(249108103172, 4, 58, 0, '[0, 5800, 5800, 5800, 5800, 1, 0, 0, 0, 0, 0]', 58),
(249108103173, 5, 58, 0, '[0, 5800, 5800, 5800, 5800, 1, 0, 0, 0, 0, 0]', 58),
(249108103174, 6, 58, 0, '[0, 5800, 5800, 5800, 5800, 1, 0, 0, 0, 0, 0]', 58),
(249108103175, 7, 58, 0, '[0, 5800, 5800, 5800, 5800, 1, 0, 0, 0, 0, 0]', 58),
(249108103176, 8, 58, 0, '[0, 5800, 5800, 5800, 5800, 1, 0, 0, 0, 0, 0]', 58),
(249108103177, 9, 58, 0, '[0, 5800, 5800, 5800, 5800, 1, 0, 0, 0, 0, 0]', 58),
(253403070464, 0, 59, 0, '[0, 5900, 5900, 5900, 5900, 1, 0, 0, 0, 0, 0]', 59),
(253403070465, 1, 59, 0, '[0, 5900, 5900, 5900, 5900, 1, 0, 0, 0, 0, 0]', 59),
(253403070466, 2, 59, 0, '[0, 5900, 5900, 5900, 5900, 1, 0, 0, 0, 0, 0]', 59),
(253403070467, 3, 59, 0, '[0, 5900, 5900, 5900, 5900, 1, 0, 0, 0, 0, 0]', 59),
(253403070468, 4, 59, 0, '[0, 5900, 5900, 5900, 5900, 1, 0, 0, 0, 0, 0]', 59),
(253403070469, 5, 59, 0, '[0, 5900, 5900, 5900, 5900, 1, 0, 0, 0, 0, 0]', 59),
(253403070470, 6, 59, 0, '[0, 5900, 5900, 5900, 5900, 1, 0, 0, 0, 0, 0]', 59),
(253403070471, 7, 59, 0, '[0, 5900, 5900, 5900, 5900, 1, 0, 0, 0, 0, 0]', 59),
(253403070472, 8, 59, 0, '[0, 5900, 5900, 5900, 5900, 1, 0, 0, 0, 0, 0]', 59),
(253403070473, 9, 59, 0, '[0, 5900, 5900, 5900, 5900, 1, 0, 0, 0, 0, 0]', 59),
(257698037760, 0, 60, 0, '[0, 6000, 6000, 6000, 6000, 1, 0, 0, 0, 0, 0]', 60),
(257698037761, 1, 60, 0, '[0, 6000, 6000, 6000, 6000, 1, 0, 0, 0, 0, 0]', 60),
(257698037762, 2, 60, 0, '[0, 6000, 6000, 6000, 6000, 1, 0, 0, 0, 0, 0]', 60),
(257698037763, 3, 60, 0, '[0, 6000, 6000, 6000, 6000, 1, 0, 0, 0, 0, 0]', 60),
(257698037764, 4, 60, 0, '[0, 6000, 6000, 6000, 6000, 1, 0, 0, 0, 0, 0]', 60),
(257698037765, 5, 60, 0, '[0, 6000, 6000, 6000, 6000, 1, 0, 0, 0, 0, 0]', 60),
(257698037766, 6, 60, 0, '[0, 6000, 6000, 6000, 6000, 1, 0, 0, 0, 0, 0]', 60),
(257698037767, 7, 60, 0, '[0, 6000, 6000, 6000, 6000, 1, 0, 0, 0, 0, 0]', 60),
(257698037768, 8, 60, 0, '[0, 6000, 6000, 6000, 6000, 1, 0, 0, 0, 0, 0]', 60),
(257698037769, 9, 60, 0, '[0, 6000, 6000, 6000, 6000, 1, 0, 0, 0, 0, 0]', 60),
(261993005056, 0, 61, 0, '[0, 6100, 6100, 6100, 6100, 1, 0, 0, 0, 0, 0]', 61),
(261993005057, 1, 61, 0, '[0, 6100, 6100, 6100, 6100, 1, 0, 0, 0, 0, 0]', 61),
(261993005058, 2, 61, 0, '[0, 6100, 6100, 6100, 6100, 1, 0, 0, 0, 0, 0]', 61),
(261993005059, 3, 61, 0, '[0, 6100, 6100, 6100, 6100, 1, 0, 0, 0, 0, 0]', 61),
(261993005060, 4, 61, 0, '[0, 6100, 6100, 6100, 6100, 1, 0, 0, 0, 0, 0]', 61),
(261993005061, 5, 61, 0, '[0, 6100, 6100, 6100, 6100, 1, 0, 0, 0, 0, 0]', 61),
(261993005062, 6, 61, 0, '[0, 6100, 6100, 6100, 6100, 1, 0, 0, 0, 0, 0]', 61),
(261993005063, 7, 61, 0, '[0, 6100, 6100, 6100, 6100, 1, 0, 0, 0, 0, 0]', 61),
(261993005064, 8, 61, 0, '[0, 6100, 6100, 6100, 6100, 1, 0, 0, 0, 0, 0]', 61),
(261993005065, 9, 61, 0, '[0, 6100, 6100, 6100, 6100, 1, 0, 0, 0, 0, 0]', 61),
(266287972352, 0, 62, 0, '[0, 6200, 6200, 6200, 6200, 1, 0, 0, 0, 0, 0]', 62),
(266287972353, 1, 62, 0, '[0, 6200, 6200, 6200, 6200, 1, 0, 0, 0, 0, 0]', 62),
(266287972354, 2, 62, 0, '[0, 6200, 6200, 6200, 6200, 1, 0, 0, 0, 0, 0]', 62),
(266287972355, 3, 62, 0, '[0, 6200, 6200, 6200, 6200, 1, 0, 0, 0, 0, 0]', 62),
(266287972356, 4, 62, 0, '[0, 6200, 6200, 6200, 6200, 1, 0, 0, 0, 0, 0]', 62),
(266287972357, 5, 62, 0, '[0, 6200, 6200, 6200, 6200, 1, 0, 0, 0, 0, 0]', 62),
(266287972358, 6, 62, 0, '[0, 6200, 6200, 6200, 6200, 1, 0, 0, 0, 0, 0]', 62),
(266287972359, 7, 62, 0, '[0, 6200, 6200, 6200, 6200, 1, 0, 0, 0, 0, 0]', 62),
(266287972360, 8, 62, 0, '[0, 6200, 6200, 6200, 6200, 1, 0, 0, 0, 0, 0]', 62),
(266287972361, 9, 62, 0, '[0, 6200, 6200, 6200, 6200, 1, 0, 0, 0, 0, 0]', 62),
(270582939648, 0, 63, 0, '[0, 6300, 6300, 6300, 6300, 1, 0, 0, 0, 0, 0]', 63),
(270582939649, 1, 63, 0, '[0, 6300, 6300, 6300, 6300, 1, 0, 0, 0, 0, 0]', 63),
(270582939650, 2, 63, 0, '[0, 6300, 6300, 6300, 6300, 1, 0, 0, 0, 0, 0]', 63),
(270582939651, 3, 63, 0, '[0, 6300, 6300, 6300, 6300, 1, 0, 0, 0, 0, 0]', 63),
(270582939652, 4, 63, 0, '[0, 6300, 6300, 6300, 6300, 1, 0, 0, 0, 0, 0]', 63),
(270582939653, 5, 63, 0, '[0, 6300, 6300, 6300, 6300, 1, 0, 0, 0, 0, 0]', 63),
(270582939654, 6, 63, 0, '[0, 6300, 6300, 6300, 6300, 1, 0, 0, 0, 0, 0]', 63),
(270582939655, 7, 63, 0, '[0, 6300, 6300, 6300, 6300, 1, 0, 0, 0, 0, 0]', 63),
(270582939656, 8, 63, 0, '[0, 6300, 6300, 6300, 6300, 1, 0, 0, 0, 0, 0]', 63),
(270582939657, 9, 63, 0, '[0, 6300, 6300, 6300, 6300, 1, 0, 0, 0, 0, 0]', 63),
(274877906944, 0, 64, 0, '[0, 6400, 6400, 6400, 6400, 1, 0, 0, 0, 0, 0]', 64),
(274877906945, 1, 64, 0, '[0, 6400, 6400, 6400, 6400, 1, 0, 0, 0, 0, 0]', 64),
(274877906946, 2, 64, 0, '[0, 6400, 6400, 6400, 6400, 1, 0, 0, 0, 0, 0]', 64),
(274877906947, 3, 64, 0, '[0, 6400, 6400, 6400, 6400, 1, 0, 0, 0, 0, 0]', 64),
(274877906948, 4, 64, 0, '[0, 6400, 6400, 6400, 6400, 1, 0, 0, 0, 0, 0]', 64),
(274877906949, 5, 64, 0, '[0, 6400, 6400, 6400, 6400, 1, 0, 0, 0, 0, 0]', 64),
(274877906950, 6, 64, 0, '[0, 6400, 6400, 6400, 6400, 1, 0, 0, 0, 0, 0]', 64),
(274877906951, 7, 64, 0, '[0, 6400, 6400, 6400, 6400, 1, 0, 0, 0, 0, 0]', 64),
(274877906952, 8, 64, 0, '[0, 6400, 6400, 6400, 6400, 1, 0, 0, 0, 0, 0]', 64),
(274877906953, 9, 64, 0, '[0, 6400, 6400, 6400, 6400, 1, 0, 0, 0, 0, 0]', 64),
(279172874240, 0, 65, 0, '[0, 6500, 6500, 6500, 6500, 1, 0, 0, 0, 0, 0]', 65),
(279172874241, 1, 65, 0, '[0, 6500, 6500, 6500, 6500, 1, 0, 0, 0, 0, 0]', 65),
(279172874242, 2, 65, 0, '[0, 6500, 6500, 6500, 6500, 1, 0, 0, 0, 0, 0]', 65),
(279172874243, 3, 65, 0, '[0, 6500, 6500, 6500, 6500, 1, 0, 0, 0, 0, 0]', 65),
(279172874244, 4, 65, 0, '[0, 6500, 6500, 6500, 6500, 1, 0, 0, 0, 0, 0]', 65),
(279172874245, 5, 65, 0, '[0, 6500, 6500, 6500, 6500, 1, 0, 0, 0, 0, 0]', 65),
(279172874246, 6, 65, 0, '[0, 6500, 6500, 6500, 6500, 1, 0, 0, 0, 0, 0]', 65),
(279172874247, 7, 65, 0, '[0, 6500, 6500, 6500, 6500, 1, 0, 0, 0, 0, 0]', 65),
(279172874248, 8, 65, 0, '[0, 6500, 6500, 6500, 6500, 1, 0, 0, 0, 0, 0]', 65),
(279172874249, 9, 65, 0, '[0, 6500, 6500, 6500, 6500, 1, 0, 0, 0, 0, 0]', 65),
(283467841536, 0, 66, 0, '[0, 6600, 6600, 6600, 6600, 1, 0, 0, 0, 0, 0]', 66),
(283467841537, 1, 66, 0, '[0, 6600, 6600, 6600, 6600, 1, 0, 0, 0, 0, 0]', 66),
(283467841538, 2, 66, 0, '[0, 6600, 6600, 6600, 6600, 1, 0, 0, 0, 0, 0]', 66),
(283467841539, 3, 66, 0, '[0, 6600, 6600, 6600, 6600, 1, 0, 0, 0, 0, 0]', 66),
(283467841540, 4, 66, 0, '[0, 6600, 6600, 6600, 6600, 1, 0, 0, 0, 0, 0]', 66),
(283467841541, 5, 66, 0, '[0, 6600, 6600, 6600, 6600, 1, 0, 0, 0, 0, 0]', 66),
(283467841542, 6, 66, 0, '[0, 6600, 6600, 6600, 6600, 1, 0, 0, 0, 0, 0]', 66),
(283467841543, 7, 66, 0, '[0, 6600, 6600, 6600, 6600, 1, 0, 0, 0, 0, 0]', 66);
INSERT INTO `creature_attribute` (`Id`, `type`, `level`, `round`, `attrs`, `damageFactor`) VALUES
(283467841544, 8, 66, 0, '[0, 6600, 6600, 6600, 6600, 1, 0, 0, 0, 0, 0]', 66),
(283467841545, 9, 66, 0, '[0, 6600, 6600, 6600, 6600, 1, 0, 0, 0, 0, 0]', 66),
(287762808832, 0, 67, 0, '[0, 6700, 6700, 6700, 6700, 1, 0, 0, 0, 0, 0]', 67),
(287762808833, 1, 67, 0, '[0, 6700, 6700, 6700, 6700, 1, 0, 0, 0, 0, 0]', 67),
(287762808834, 2, 67, 0, '[0, 6700, 6700, 6700, 6700, 1, 0, 0, 0, 0, 0]', 67),
(287762808835, 3, 67, 0, '[0, 6700, 6700, 6700, 6700, 1, 0, 0, 0, 0, 0]', 67),
(287762808836, 4, 67, 0, '[0, 6700, 6700, 6700, 6700, 1, 0, 0, 0, 0, 0]', 67),
(287762808837, 5, 67, 0, '[0, 6700, 6700, 6700, 6700, 1, 0, 0, 0, 0, 0]', 67),
(287762808838, 6, 67, 0, '[0, 6700, 6700, 6700, 6700, 1, 0, 0, 0, 0, 0]', 67),
(287762808839, 7, 67, 0, '[0, 6700, 6700, 6700, 6700, 1, 0, 0, 0, 0, 0]', 67),
(287762808840, 8, 67, 0, '[0, 6700, 6700, 6700, 6700, 1, 0, 0, 0, 0, 0]', 67),
(287762808841, 9, 67, 0, '[0, 6700, 6700, 6700, 6700, 1, 0, 0, 0, 0, 0]', 67),
(292057776128, 0, 68, 0, '[0, 6800, 6800, 6800, 6800, 1, 0, 0, 0, 0, 0]', 68),
(292057776129, 1, 68, 0, '[0, 6800, 6800, 6800, 6800, 1, 0, 0, 0, 0, 0]', 68),
(292057776130, 2, 68, 0, '[0, 6800, 6800, 6800, 6800, 1, 0, 0, 0, 0, 0]', 68),
(292057776131, 3, 68, 0, '[0, 6800, 6800, 6800, 6800, 1, 0, 0, 0, 0, 0]', 68),
(292057776132, 4, 68, 0, '[0, 6800, 6800, 6800, 6800, 1, 0, 0, 0, 0, 0]', 68),
(292057776133, 5, 68, 0, '[0, 6800, 6800, 6800, 6800, 1, 0, 0, 0, 0, 0]', 68),
(292057776134, 6, 68, 0, '[0, 6800, 6800, 6800, 6800, 1, 0, 0, 0, 0, 0]', 68),
(292057776135, 7, 68, 0, '[0, 6800, 6800, 6800, 6800, 1, 0, 0, 0, 0, 0]', 68),
(292057776136, 8, 68, 0, '[0, 6800, 6800, 6800, 6800, 1, 0, 0, 0, 0, 0]', 68),
(292057776137, 9, 68, 0, '[0, 6800, 6800, 6800, 6800, 1, 0, 0, 0, 0, 0]', 68),
(296352743424, 0, 69, 0, '[0, 6900, 6900, 6900, 6900, 1, 0, 0, 0, 0, 0]', 69),
(296352743425, 1, 69, 0, '[0, 6900, 6900, 6900, 6900, 1, 0, 0, 0, 0, 0]', 69),
(296352743426, 2, 69, 0, '[0, 6900, 6900, 6900, 6900, 1, 0, 0, 0, 0, 0]', 69),
(296352743427, 3, 69, 0, '[0, 6900, 6900, 6900, 6900, 1, 0, 0, 0, 0, 0]', 69),
(296352743428, 4, 69, 0, '[0, 6900, 6900, 6900, 6900, 1, 0, 0, 0, 0, 0]', 69),
(296352743429, 5, 69, 0, '[0, 6900, 6900, 6900, 6900, 1, 0, 0, 0, 0, 0]', 69),
(296352743430, 6, 69, 0, '[0, 6900, 6900, 6900, 6900, 1, 0, 0, 0, 0, 0]', 69),
(296352743431, 7, 69, 0, '[0, 6900, 6900, 6900, 6900, 1, 0, 0, 0, 0, 0]', 69),
(296352743432, 8, 69, 0, '[0, 6900, 6900, 6900, 6900, 1, 0, 0, 0, 0, 0]', 69),
(296352743433, 9, 69, 0, '[0, 6900, 6900, 6900, 6900, 1, 0, 0, 0, 0, 0]', 69),
(300647710720, 0, 70, 0, '[0, 7000, 7000, 7000, 7000, 1, 0, 0, 0, 0, 0]', 70),
(300647710721, 1, 70, 0, '[0, 7000, 7000, 7000, 7000, 1, 0, 0, 0, 0, 0]', 70),
(300647710722, 2, 70, 0, '[0, 7000, 7000, 7000, 7000, 1, 0, 0, 0, 0, 0]', 70),
(300647710723, 3, 70, 0, '[0, 7000, 7000, 7000, 7000, 1, 0, 0, 0, 0, 0]', 70),
(300647710724, 4, 70, 0, '[0, 7000, 7000, 7000, 7000, 1, 0, 0, 0, 0, 0]', 70),
(300647710725, 5, 70, 0, '[0, 7000, 7000, 7000, 7000, 1, 0, 0, 0, 0, 0]', 70),
(300647710726, 6, 70, 0, '[0, 7000, 7000, 7000, 7000, 1, 0, 0, 0, 0, 0]', 70),
(300647710727, 7, 70, 0, '[0, 7000, 7000, 7000, 7000, 1, 0, 0, 0, 0, 0]', 70),
(300647710728, 8, 70, 0, '[0, 7000, 7000, 7000, 7000, 1, 0, 0, 0, 0, 0]', 70),
(300647710729, 9, 70, 0, '[0, 7000, 7000, 7000, 7000, 1, 0, 0, 0, 0, 0]', 70),
(304942678016, 0, 71, 0, '[0, 7100, 7100, 7100, 7100, 1, 0, 0, 0, 0, 0]', 71),
(304942678017, 1, 71, 0, '[0, 7100, 7100, 7100, 7100, 1, 0, 0, 0, 0, 0]', 71),
(304942678018, 2, 71, 0, '[0, 7100, 7100, 7100, 7100, 1, 0, 0, 0, 0, 0]', 71),
(304942678019, 3, 71, 0, '[0, 7100, 7100, 7100, 7100, 1, 0, 0, 0, 0, 0]', 71),
(304942678020, 4, 71, 0, '[0, 7100, 7100, 7100, 7100, 1, 0, 0, 0, 0, 0]', 71),
(304942678021, 5, 71, 0, '[0, 7100, 7100, 7100, 7100, 1, 0, 0, 0, 0, 0]', 71),
(304942678022, 6, 71, 0, '[0, 7100, 7100, 7100, 7100, 1, 0, 0, 0, 0, 0]', 71),
(304942678023, 7, 71, 0, '[0, 7100, 7100, 7100, 7100, 1, 0, 0, 0, 0, 0]', 71),
(304942678024, 8, 71, 0, '[0, 7100, 7100, 7100, 7100, 1, 0, 0, 0, 0, 0]', 71),
(304942678025, 9, 71, 0, '[0, 7100, 7100, 7100, 7100, 1, 0, 0, 0, 0, 0]', 71),
(309237645312, 0, 72, 0, '[0, 7200, 7200, 7200, 7200, 1, 0, 0, 0, 0, 0]', 72),
(309237645313, 1, 72, 0, '[0, 7200, 7200, 7200, 7200, 1, 0, 0, 0, 0, 0]', 72),
(309237645314, 2, 72, 0, '[0, 7200, 7200, 7200, 7200, 1, 0, 0, 0, 0, 0]', 72),
(309237645315, 3, 72, 0, '[0, 7200, 7200, 7200, 7200, 1, 0, 0, 0, 0, 0]', 72),
(309237645316, 4, 72, 0, '[0, 7200, 7200, 7200, 7200, 1, 0, 0, 0, 0, 0]', 72),
(309237645317, 5, 72, 0, '[0, 7200, 7200, 7200, 7200, 1, 0, 0, 0, 0, 0]', 72),
(309237645318, 6, 72, 0, '[0, 7200, 7200, 7200, 7200, 1, 0, 0, 0, 0, 0]', 72),
(309237645319, 7, 72, 0, '[0, 7200, 7200, 7200, 7200, 1, 0, 0, 0, 0, 0]', 72),
(309237645320, 8, 72, 0, '[0, 7200, 7200, 7200, 7200, 1, 0, 0, 0, 0, 0]', 72),
(309237645321, 9, 72, 0, '[0, 7200, 7200, 7200, 7200, 1, 0, 0, 0, 0, 0]', 72),
(313532612608, 0, 73, 0, '[0, 7300, 7300, 7300, 7300, 1, 0, 0, 0, 0, 0]', 73),
(313532612609, 1, 73, 0, '[0, 7300, 7300, 7300, 7300, 1, 0, 0, 0, 0, 0]', 73),
(313532612610, 2, 73, 0, '[0, 7300, 7300, 7300, 7300, 1, 0, 0, 0, 0, 0]', 73),
(313532612611, 3, 73, 0, '[0, 7300, 7300, 7300, 7300, 1, 0, 0, 0, 0, 0]', 73),
(313532612612, 4, 73, 0, '[0, 7300, 7300, 7300, 7300, 1, 0, 0, 0, 0, 0]', 73),
(313532612613, 5, 73, 0, '[0, 7300, 7300, 7300, 7300, 1, 0, 0, 0, 0, 0]', 73),
(313532612614, 6, 73, 0, '[0, 7300, 7300, 7300, 7300, 1, 0, 0, 0, 0, 0]', 73),
(313532612615, 7, 73, 0, '[0, 7300, 7300, 7300, 7300, 1, 0, 0, 0, 0, 0]', 73),
(313532612616, 8, 73, 0, '[0, 7300, 7300, 7300, 7300, 1, 0, 0, 0, 0, 0]', 73),
(313532612617, 9, 73, 0, '[0, 7300, 7300, 7300, 7300, 1, 0, 0, 0, 0, 0]', 73),
(317827579904, 0, 74, 0, '[0, 7400, 7400, 7400, 7400, 1, 0, 0, 0, 0, 0]', 74),
(317827579905, 1, 74, 0, '[0, 7400, 7400, 7400, 7400, 1, 0, 0, 0, 0, 0]', 74),
(317827579906, 2, 74, 0, '[0, 7400, 7400, 7400, 7400, 1, 0, 0, 0, 0, 0]', 74),
(317827579907, 3, 74, 0, '[0, 7400, 7400, 7400, 7400, 1, 0, 0, 0, 0, 0]', 74),
(317827579908, 4, 74, 0, '[0, 7400, 7400, 7400, 7400, 1, 0, 0, 0, 0, 0]', 74),
(317827579909, 5, 74, 0, '[0, 7400, 7400, 7400, 7400, 1, 0, 0, 0, 0, 0]', 74),
(317827579910, 6, 74, 0, '[0, 7400, 7400, 7400, 7400, 1, 0, 0, 0, 0, 0]', 74),
(317827579911, 7, 74, 0, '[0, 7400, 7400, 7400, 7400, 1, 0, 0, 0, 0, 0]', 74),
(317827579912, 8, 74, 0, '[0, 7400, 7400, 7400, 7400, 1, 0, 0, 0, 0, 0]', 74),
(317827579913, 9, 74, 0, '[0, 7400, 7400, 7400, 7400, 1, 0, 0, 0, 0, 0]', 74),
(322122547200, 0, 75, 0, '[0, 7500, 7500, 7500, 7500, 1, 0, 0, 0, 0, 0]', 75),
(322122547201, 1, 75, 0, '[0, 7500, 7500, 7500, 7500, 1, 0, 0, 0, 0, 0]', 75),
(322122547202, 2, 75, 0, '[0, 7500, 7500, 7500, 7500, 1, 0, 0, 0, 0, 0]', 75),
(322122547203, 3, 75, 0, '[0, 7500, 7500, 7500, 7500, 1, 0, 0, 0, 0, 0]', 75),
(322122547204, 4, 75, 0, '[0, 7500, 7500, 7500, 7500, 1, 0, 0, 0, 0, 0]', 75),
(322122547205, 5, 75, 0, '[0, 7500, 7500, 7500, 7500, 1, 0, 0, 0, 0, 0]', 75),
(322122547206, 6, 75, 0, '[0, 7500, 7500, 7500, 7500, 1, 0, 0, 0, 0, 0]', 75),
(322122547207, 7, 75, 0, '[0, 7500, 7500, 7500, 7500, 1, 0, 0, 0, 0, 0]', 75),
(322122547208, 8, 75, 0, '[0, 7500, 7500, 7500, 7500, 1, 0, 0, 0, 0, 0]', 75),
(322122547209, 9, 75, 0, '[0, 7500, 7500, 7500, 7500, 1, 0, 0, 0, 0, 0]', 75),
(326417514496, 0, 76, 0, '[0, 7600, 7600, 7600, 7600, 1, 0, 0, 0, 0, 0]', 76),
(326417514497, 1, 76, 0, '[0, 7600, 7600, 7600, 7600, 1, 0, 0, 0, 0, 0]', 76),
(326417514498, 2, 76, 0, '[0, 7600, 7600, 7600, 7600, 1, 0, 0, 0, 0, 0]', 76),
(326417514499, 3, 76, 0, '[0, 7600, 7600, 7600, 7600, 1, 0, 0, 0, 0, 0]', 76),
(326417514500, 4, 76, 0, '[0, 7600, 7600, 7600, 7600, 1, 0, 0, 0, 0, 0]', 76),
(326417514501, 5, 76, 0, '[0, 7600, 7600, 7600, 7600, 1, 0, 0, 0, 0, 0]', 76),
(326417514502, 6, 76, 0, '[0, 7600, 7600, 7600, 7600, 1, 0, 0, 0, 0, 0]', 76),
(326417514503, 7, 76, 0, '[0, 7600, 7600, 7600, 7600, 1, 0, 0, 0, 0, 0]', 76),
(326417514504, 8, 76, 0, '[0, 7600, 7600, 7600, 7600, 1, 0, 0, 0, 0, 0]', 76),
(326417514505, 9, 76, 0, '[0, 7600, 7600, 7600, 7600, 1, 0, 0, 0, 0, 0]', 76),
(330712481792, 0, 77, 0, '[0, 7700, 7700, 7700, 7700, 1, 0, 0, 0, 0, 0]', 77),
(330712481793, 1, 77, 0, '[0, 7700, 7700, 7700, 7700, 1, 0, 0, 0, 0, 0]', 77),
(330712481794, 2, 77, 0, '[0, 7700, 7700, 7700, 7700, 1, 0, 0, 0, 0, 0]', 77),
(330712481795, 3, 77, 0, '[0, 7700, 7700, 7700, 7700, 1, 0, 0, 0, 0, 0]', 77),
(330712481796, 4, 77, 0, '[0, 7700, 7700, 7700, 7700, 1, 0, 0, 0, 0, 0]', 77),
(330712481797, 5, 77, 0, '[0, 7700, 7700, 7700, 7700, 1, 0, 0, 0, 0, 0]', 77),
(330712481798, 6, 77, 0, '[0, 7700, 7700, 7700, 7700, 1, 0, 0, 0, 0, 0]', 77),
(330712481799, 7, 77, 0, '[0, 7700, 7700, 7700, 7700, 1, 0, 0, 0, 0, 0]', 77),
(330712481800, 8, 77, 0, '[0, 7700, 7700, 7700, 7700, 1, 0, 0, 0, 0, 0]', 77),
(330712481801, 9, 77, 0, '[0, 7700, 7700, 7700, 7700, 1, 0, 0, 0, 0, 0]', 77),
(335007449088, 0, 78, 0, '[0, 7800, 7800, 7800, 7800, 1, 0, 0, 0, 0, 0]', 78),
(335007449089, 1, 78, 0, '[0, 7800, 7800, 7800, 7800, 1, 0, 0, 0, 0, 0]', 78),
(335007449090, 2, 78, 0, '[0, 7800, 7800, 7800, 7800, 1, 0, 0, 0, 0, 0]', 78),
(335007449091, 3, 78, 0, '[0, 7800, 7800, 7800, 7800, 1, 0, 0, 0, 0, 0]', 78),
(335007449092, 4, 78, 0, '[0, 7800, 7800, 7800, 7800, 1, 0, 0, 0, 0, 0]', 78),
(335007449093, 5, 78, 0, '[0, 7800, 7800, 7800, 7800, 1, 0, 0, 0, 0, 0]', 78),
(335007449094, 6, 78, 0, '[0, 7800, 7800, 7800, 7800, 1, 0, 0, 0, 0, 0]', 78),
(335007449095, 7, 78, 0, '[0, 7800, 7800, 7800, 7800, 1, 0, 0, 0, 0, 0]', 78),
(335007449096, 8, 78, 0, '[0, 7800, 7800, 7800, 7800, 1, 0, 0, 0, 0, 0]', 78),
(335007449097, 9, 78, 0, '[0, 7800, 7800, 7800, 7800, 1, 0, 0, 0, 0, 0]', 78),
(339302416384, 0, 79, 0, '[0, 7900, 7900, 7900, 7900, 1, 0, 0, 0, 0, 0]', 79),
(339302416385, 1, 79, 0, '[0, 7900, 7900, 7900, 7900, 1, 0, 0, 0, 0, 0]', 79),
(339302416386, 2, 79, 0, '[0, 7900, 7900, 7900, 7900, 1, 0, 0, 0, 0, 0]', 79),
(339302416387, 3, 79, 0, '[0, 7900, 7900, 7900, 7900, 1, 0, 0, 0, 0, 0]', 79),
(339302416388, 4, 79, 0, '[0, 7900, 7900, 7900, 7900, 1, 0, 0, 0, 0, 0]', 79),
(339302416389, 5, 79, 0, '[0, 7900, 7900, 7900, 7900, 1, 0, 0, 0, 0, 0]', 79),
(339302416390, 6, 79, 0, '[0, 7900, 7900, 7900, 7900, 1, 0, 0, 0, 0, 0]', 79),
(339302416391, 7, 79, 0, '[0, 7900, 7900, 7900, 7900, 1, 0, 0, 0, 0, 0]', 79),
(339302416392, 8, 79, 0, '[0, 7900, 7900, 7900, 7900, 1, 0, 0, 0, 0, 0]', 79),
(339302416393, 9, 79, 0, '[0, 7900, 7900, 7900, 7900, 1, 0, 0, 0, 0, 0]', 79),
(343597383680, 0, 80, 0, '[0, 8000, 8000, 8000, 8000, 1, 0, 0, 0, 0, 0]', 80),
(343597383681, 1, 80, 0, '[0, 8000, 8000, 8000, 8000, 1, 0, 0, 0, 0, 0]', 80),
(343597383682, 2, 80, 0, '[0, 8000, 8000, 8000, 8000, 1, 0, 0, 0, 0, 0]', 80),
(343597383683, 3, 80, 0, '[0, 8000, 8000, 8000, 8000, 1, 0, 0, 0, 0, 0]', 80),
(343597383684, 4, 80, 0, '[0, 8000, 8000, 8000, 8000, 1, 0, 0, 0, 0, 0]', 80),
(343597383685, 5, 80, 0, '[0, 8000, 8000, 8000, 8000, 1, 0, 0, 0, 0, 0]', 80),
(343597383686, 6, 80, 0, '[0, 8000, 8000, 8000, 8000, 1, 0, 0, 0, 0, 0]', 80),
(343597383687, 7, 80, 0, '[0, 8000, 8000, 8000, 8000, 1, 0, 0, 0, 0, 0]', 80),
(343597383688, 8, 80, 0, '[0, 8000, 8000, 8000, 8000, 1, 0, 0, 0, 0, 0]', 80),
(343597383689, 9, 80, 0, '[0, 8000, 8000, 8000, 8000, 1, 0, 0, 0, 0, 0]', 80),
(347892350976, 0, 81, 0, '[0, 8100, 8100, 8100, 8100, 1, 0, 0, 0, 0, 0]', 81),
(347892350977, 1, 81, 0, '[0, 8100, 8100, 8100, 8100, 1, 0, 0, 0, 0, 0]', 81),
(347892350978, 2, 81, 0, '[0, 8100, 8100, 8100, 8100, 1, 0, 0, 0, 0, 0]', 81),
(347892350979, 3, 81, 0, '[0, 8100, 8100, 8100, 8100, 1, 0, 0, 0, 0, 0]', 81),
(347892350980, 4, 81, 0, '[0, 8100, 8100, 8100, 8100, 1, 0, 0, 0, 0, 0]', 81),
(347892350981, 5, 81, 0, '[0, 8100, 8100, 8100, 8100, 1, 0, 0, 0, 0, 0]', 81),
(347892350982, 6, 81, 0, '[0, 8100, 8100, 8100, 8100, 1, 0, 0, 0, 0, 0]', 81),
(347892350983, 7, 81, 0, '[0, 8100, 8100, 8100, 8100, 1, 0, 0, 0, 0, 0]', 81),
(347892350984, 8, 81, 0, '[0, 8100, 8100, 8100, 8100, 1, 0, 0, 0, 0, 0]', 81),
(347892350985, 9, 81, 0, '[0, 8100, 8100, 8100, 8100, 1, 0, 0, 0, 0, 0]', 81),
(352187318272, 0, 82, 0, '[0, 8200, 8200, 8200, 8200, 1, 0, 0, 0, 0, 0]', 82),
(352187318273, 1, 82, 0, '[0, 8200, 8200, 8200, 8200, 1, 0, 0, 0, 0, 0]', 82),
(352187318274, 2, 82, 0, '[0, 8200, 8200, 8200, 8200, 1, 0, 0, 0, 0, 0]', 82),
(352187318275, 3, 82, 0, '[0, 8200, 8200, 8200, 8200, 1, 0, 0, 0, 0, 0]', 82),
(352187318276, 4, 82, 0, '[0, 8200, 8200, 8200, 8200, 1, 0, 0, 0, 0, 0]', 82),
(352187318277, 5, 82, 0, '[0, 8200, 8200, 8200, 8200, 1, 0, 0, 0, 0, 0]', 82),
(352187318278, 6, 82, 0, '[0, 8200, 8200, 8200, 8200, 1, 0, 0, 0, 0, 0]', 82),
(352187318279, 7, 82, 0, '[0, 8200, 8200, 8200, 8200, 1, 0, 0, 0, 0, 0]', 82),
(352187318280, 8, 82, 0, '[0, 8200, 8200, 8200, 8200, 1, 0, 0, 0, 0, 0]', 82),
(352187318281, 9, 82, 0, '[0, 8200, 8200, 8200, 8200, 1, 0, 0, 0, 0, 0]', 82),
(356482285568, 0, 83, 0, '[0, 8300, 8300, 8300, 8300, 1, 0, 0, 0, 0, 0]', 83),
(356482285569, 1, 83, 0, '[0, 8300, 8300, 8300, 8300, 1, 0, 0, 0, 0, 0]', 83),
(356482285570, 2, 83, 0, '[0, 8300, 8300, 8300, 8300, 1, 0, 0, 0, 0, 0]', 83),
(356482285571, 3, 83, 0, '[0, 8300, 8300, 8300, 8300, 1, 0, 0, 0, 0, 0]', 83),
(356482285572, 4, 83, 0, '[0, 8300, 8300, 8300, 8300, 1, 0, 0, 0, 0, 0]', 83),
(356482285573, 5, 83, 0, '[0, 8300, 8300, 8300, 8300, 1, 0, 0, 0, 0, 0]', 83),
(356482285574, 6, 83, 0, '[0, 8300, 8300, 8300, 8300, 1, 0, 0, 0, 0, 0]', 83),
(356482285575, 7, 83, 0, '[0, 8300, 8300, 8300, 8300, 1, 0, 0, 0, 0, 0]', 83),
(356482285576, 8, 83, 0, '[0, 8300, 8300, 8300, 8300, 1, 0, 0, 0, 0, 0]', 83),
(356482285577, 9, 83, 0, '[0, 8300, 8300, 8300, 8300, 1, 0, 0, 0, 0, 0]', 83),
(360777252864, 0, 84, 0, '[0, 8400, 8400, 8400, 8400, 1, 0, 0, 0, 0, 0]', 84),
(360777252865, 1, 84, 0, '[0, 8400, 8400, 8400, 8400, 1, 0, 0, 0, 0, 0]', 84),
(360777252866, 2, 84, 0, '[0, 8400, 8400, 8400, 8400, 1, 0, 0, 0, 0, 0]', 84),
(360777252867, 3, 84, 0, '[0, 8400, 8400, 8400, 8400, 1, 0, 0, 0, 0, 0]', 84),
(360777252868, 4, 84, 0, '[0, 8400, 8400, 8400, 8400, 1, 0, 0, 0, 0, 0]', 84),
(360777252869, 5, 84, 0, '[0, 8400, 8400, 8400, 8400, 1, 0, 0, 0, 0, 0]', 84),
(360777252870, 6, 84, 0, '[0, 8400, 8400, 8400, 8400, 1, 0, 0, 0, 0, 0]', 84),
(360777252871, 7, 84, 0, '[0, 8400, 8400, 8400, 8400, 1, 0, 0, 0, 0, 0]', 84),
(360777252872, 8, 84, 0, '[0, 8400, 8400, 8400, 8400, 1, 0, 0, 0, 0, 0]', 84),
(360777252873, 9, 84, 0, '[0, 8400, 8400, 8400, 8400, 1, 0, 0, 0, 0, 0]', 84),
(365072220160, 0, 85, 0, '[0, 8500, 8500, 8500, 8500, 1, 0, 0, 0, 0, 0]', 85),
(365072220161, 1, 85, 0, '[0, 8500, 8500, 8500, 8500, 1, 0, 0, 0, 0, 0]', 85),
(365072220162, 2, 85, 0, '[0, 8500, 8500, 8500, 8500, 1, 0, 0, 0, 0, 0]', 85),
(365072220163, 3, 85, 0, '[0, 8500, 8500, 8500, 8500, 1, 0, 0, 0, 0, 0]', 85),
(365072220164, 4, 85, 0, '[0, 8500, 8500, 8500, 8500, 1, 0, 0, 0, 0, 0]', 85),
(365072220165, 5, 85, 0, '[0, 8500, 8500, 8500, 8500, 1, 0, 0, 0, 0, 0]', 85),
(365072220166, 6, 85, 0, '[0, 8500, 8500, 8500, 8500, 1, 0, 0, 0, 0, 0]', 85),
(365072220167, 7, 85, 0, '[0, 8500, 8500, 8500, 8500, 1, 0, 0, 0, 0, 0]', 85),
(365072220168, 8, 85, 0, '[0, 8500, 8500, 8500, 8500, 1, 0, 0, 0, 0, 0]', 85),
(365072220169, 9, 85, 0, '[0, 8500, 8500, 8500, 8500, 1, 0, 0, 0, 0, 0]', 85),
(369367187456, 0, 86, 0, '[0, 8600, 8600, 8600, 8600, 1, 0, 0, 0, 0, 0]', 86),
(369367187457, 1, 86, 0, '[0, 8600, 8600, 8600, 8600, 1, 0, 0, 0, 0, 0]', 86),
(369367187458, 2, 86, 0, '[0, 8600, 8600, 8600, 8600, 1, 0, 0, 0, 0, 0]', 86),
(369367187459, 3, 86, 0, '[0, 8600, 8600, 8600, 8600, 1, 0, 0, 0, 0, 0]', 86),
(369367187460, 4, 86, 0, '[0, 8600, 8600, 8600, 8600, 1, 0, 0, 0, 0, 0]', 86),
(369367187461, 5, 86, 0, '[0, 8600, 8600, 8600, 8600, 1, 0, 0, 0, 0, 0]', 86),
(369367187462, 6, 86, 0, '[0, 8600, 8600, 8600, 8600, 1, 0, 0, 0, 0, 0]', 86),
(369367187463, 7, 86, 0, '[0, 8600, 8600, 8600, 8600, 1, 0, 0, 0, 0, 0]', 86),
(369367187464, 8, 86, 0, '[0, 8600, 8600, 8600, 8600, 1, 0, 0, 0, 0, 0]', 86),
(369367187465, 9, 86, 0, '[0, 8600, 8600, 8600, 8600, 1, 0, 0, 0, 0, 0]', 86),
(373662154752, 0, 87, 0, '[0, 8700, 8700, 8700, 8700, 1, 0, 0, 0, 0, 0]', 87),
(373662154753, 1, 87, 0, '[0, 8700, 8700, 8700, 8700, 1, 0, 0, 0, 0, 0]', 87),
(373662154754, 2, 87, 0, '[0, 8700, 8700, 8700, 8700, 1, 0, 0, 0, 0, 0]', 87),
(373662154755, 3, 87, 0, '[0, 8700, 8700, 8700, 8700, 1, 0, 0, 0, 0, 0]', 87),
(373662154756, 4, 87, 0, '[0, 8700, 8700, 8700, 8700, 1, 0, 0, 0, 0, 0]', 87),
(373662154757, 5, 87, 0, '[0, 8700, 8700, 8700, 8700, 1, 0, 0, 0, 0, 0]', 87),
(373662154758, 6, 87, 0, '[0, 8700, 8700, 8700, 8700, 1, 0, 0, 0, 0, 0]', 87),
(373662154759, 7, 87, 0, '[0, 8700, 8700, 8700, 8700, 1, 0, 0, 0, 0, 0]', 87),
(373662154760, 8, 87, 0, '[0, 8700, 8700, 8700, 8700, 1, 0, 0, 0, 0, 0]', 87),
(373662154761, 9, 87, 0, '[0, 8700, 8700, 8700, 8700, 1, 0, 0, 0, 0, 0]', 87),
(377957122048, 0, 88, 0, '[0, 8800, 8800, 8800, 8800, 1, 0, 0, 0, 0, 0]', 88),
(377957122049, 1, 88, 0, '[0, 8800, 8800, 8800, 8800, 1, 0, 0, 0, 0, 0]', 88),
(377957122050, 2, 88, 0, '[0, 8800, 8800, 8800, 8800, 1, 0, 0, 0, 0, 0]', 88),
(377957122051, 3, 88, 0, '[0, 8800, 8800, 8800, 8800, 1, 0, 0, 0, 0, 0]', 88),
(377957122052, 4, 88, 0, '[0, 8800, 8800, 8800, 8800, 1, 0, 0, 0, 0, 0]', 88),
(377957122053, 5, 88, 0, '[0, 8800, 8800, 8800, 8800, 1, 0, 0, 0, 0, 0]', 88),
(377957122054, 6, 88, 0, '[0, 8800, 8800, 8800, 8800, 1, 0, 0, 0, 0, 0]', 88),
(377957122055, 7, 88, 0, '[0, 8800, 8800, 8800, 8800, 1, 0, 0, 0, 0, 0]', 88),
(377957122056, 8, 88, 0, '[0, 8800, 8800, 8800, 8800, 1, 0, 0, 0, 0, 0]', 88),
(377957122057, 9, 88, 0, '[0, 8800, 8800, 8800, 8800, 1, 0, 0, 0, 0, 0]', 88),
(382252089344, 0, 89, 0, '[0, 8900, 8900, 8900, 8900, 1, 0, 0, 0, 0, 0]', 89),
(382252089345, 1, 89, 0, '[0, 8900, 8900, 8900, 8900, 1, 0, 0, 0, 0, 0]', 89),
(382252089346, 2, 89, 0, '[0, 8900, 8900, 8900, 8900, 1, 0, 0, 0, 0, 0]', 89),
(382252089347, 3, 89, 0, '[0, 8900, 8900, 8900, 8900, 1, 0, 0, 0, 0, 0]', 89),
(382252089348, 4, 89, 0, '[0, 8900, 8900, 8900, 8900, 1, 0, 0, 0, 0, 0]', 89),
(382252089349, 5, 89, 0, '[0, 8900, 8900, 8900, 8900, 1, 0, 0, 0, 0, 0]', 89),
(382252089350, 6, 89, 0, '[0, 8900, 8900, 8900, 8900, 1, 0, 0, 0, 0, 0]', 89),
(382252089351, 7, 89, 0, '[0, 8900, 8900, 8900, 8900, 1, 0, 0, 0, 0, 0]', 89),
(382252089352, 8, 89, 0, '[0, 8900, 8900, 8900, 8900, 1, 0, 0, 0, 0, 0]', 89),
(382252089353, 9, 89, 0, '[0, 8900, 8900, 8900, 8900, 1, 0, 0, 0, 0, 0]', 89),
(386547056640, 0, 90, 0, '[0, 9000, 9000, 9000, 9000, 1, 0, 0, 0, 0, 0]', 90),
(386547056641, 1, 90, 0, '[0, 9000, 9000, 9000, 9000, 1, 0, 0, 0, 0, 0]', 90),
(386547056642, 2, 90, 0, '[0, 9000, 9000, 9000, 9000, 1, 0, 0, 0, 0, 0]', 90),
(386547056643, 3, 90, 0, '[0, 9000, 9000, 9000, 9000, 1, 0, 0, 0, 0, 0]', 90),
(386547056644, 4, 90, 0, '[0, 9000, 9000, 9000, 9000, 1, 0, 0, 0, 0, 0]', 90),
(386547056645, 5, 90, 0, '[0, 9000, 9000, 9000, 9000, 1, 0, 0, 0, 0, 0]', 90),
(386547056646, 6, 90, 0, '[0, 9000, 9000, 9000, 9000, 1, 0, 0, 0, 0, 0]', 90),
(386547056647, 7, 90, 0, '[0, 9000, 9000, 9000, 9000, 1, 0, 0, 0, 0, 0]', 90),
(386547056648, 8, 90, 0, '[0, 9000, 9000, 9000, 9000, 1, 0, 0, 0, 0, 0]', 90),
(386547056649, 9, 90, 0, '[0, 9000, 9000, 9000, 9000, 1, 0, 0, 0, 0, 0]', 90),
(390842023936, 0, 91, 0, '[0, 9100, 9100, 9100, 9100, 1, 0, 0, 0, 0, 0]', 91),
(390842023937, 1, 91, 0, '[0, 9100, 9100, 9100, 9100, 1, 0, 0, 0, 0, 0]', 91),
(390842023938, 2, 91, 0, '[0, 9100, 9100, 9100, 9100, 1, 0, 0, 0, 0, 0]', 91),
(390842023939, 3, 91, 0, '[0, 9100, 9100, 9100, 9100, 1, 0, 0, 0, 0, 0]', 91),
(390842023940, 4, 91, 0, '[0, 9100, 9100, 9100, 9100, 1, 0, 0, 0, 0, 0]', 91),
(390842023941, 5, 91, 0, '[0, 9100, 9100, 9100, 9100, 1, 0, 0, 0, 0, 0]', 91),
(390842023942, 6, 91, 0, '[0, 9100, 9100, 9100, 9100, 1, 0, 0, 0, 0, 0]', 91),
(390842023943, 7, 91, 0, '[0, 9100, 9100, 9100, 9100, 1, 0, 0, 0, 0, 0]', 91),
(390842023944, 8, 91, 0, '[0, 9100, 9100, 9100, 9100, 1, 0, 0, 0, 0, 0]', 91),
(390842023945, 9, 91, 0, '[0, 9100, 9100, 9100, 9100, 1, 0, 0, 0, 0, 0]', 91),
(395136991232, 0, 92, 0, '[0, 9200, 9200, 9200, 9200, 1, 0, 0, 0, 0, 0]', 92),
(395136991233, 1, 92, 0, '[0, 9200, 9200, 9200, 9200, 1, 0, 0, 0, 0, 0]', 92),
(395136991234, 2, 92, 0, '[0, 9200, 9200, 9200, 9200, 1, 0, 0, 0, 0, 0]', 92),
(395136991235, 3, 92, 0, '[0, 9200, 9200, 9200, 9200, 1, 0, 0, 0, 0, 0]', 92),
(395136991236, 4, 92, 0, '[0, 9200, 9200, 9200, 9200, 1, 0, 0, 0, 0, 0]', 92),
(395136991237, 5, 92, 0, '[0, 9200, 9200, 9200, 9200, 1, 0, 0, 0, 0, 0]', 92),
(395136991238, 6, 92, 0, '[0, 9200, 9200, 9200, 9200, 1, 0, 0, 0, 0, 0]', 92),
(395136991239, 7, 92, 0, '[0, 9200, 9200, 9200, 9200, 1, 0, 0, 0, 0, 0]', 92),
(395136991240, 8, 92, 0, '[0, 9200, 9200, 9200, 9200, 1, 0, 0, 0, 0, 0]', 92),
(395136991241, 9, 92, 0, '[0, 9200, 9200, 9200, 9200, 1, 0, 0, 0, 0, 0]', 92),
(399431958528, 0, 93, 0, '[0, 9300, 9300, 9300, 9300, 1, 0, 0, 0, 0, 0]', 93),
(399431958529, 1, 93, 0, '[0, 9300, 9300, 9300, 9300, 1, 0, 0, 0, 0, 0]', 93),
(399431958530, 2, 93, 0, '[0, 9300, 9300, 9300, 9300, 1, 0, 0, 0, 0, 0]', 93),
(399431958531, 3, 93, 0, '[0, 9300, 9300, 9300, 9300, 1, 0, 0, 0, 0, 0]', 93),
(399431958532, 4, 93, 0, '[0, 9300, 9300, 9300, 9300, 1, 0, 0, 0, 0, 0]', 93),
(399431958533, 5, 93, 0, '[0, 9300, 9300, 9300, 9300, 1, 0, 0, 0, 0, 0]', 93),
(399431958534, 6, 93, 0, '[0, 9300, 9300, 9300, 9300, 1, 0, 0, 0, 0, 0]', 93),
(399431958535, 7, 93, 0, '[0, 9300, 9300, 9300, 9300, 1, 0, 0, 0, 0, 0]', 93),
(399431958536, 8, 93, 0, '[0, 9300, 9300, 9300, 9300, 1, 0, 0, 0, 0, 0]', 93),
(399431958537, 9, 93, 0, '[0, 9300, 9300, 9300, 9300, 1, 0, 0, 0, 0, 0]', 93),
(403726925824, 0, 94, 0, '[0, 9400, 9400, 9400, 9400, 1, 0, 0, 0, 0, 0]', 94),
(403726925825, 1, 94, 0, '[0, 9400, 9400, 9400, 9400, 1, 0, 0, 0, 0, 0]', 94),
(403726925826, 2, 94, 0, '[0, 9400, 9400, 9400, 9400, 1, 0, 0, 0, 0, 0]', 94),
(403726925827, 3, 94, 0, '[0, 9400, 9400, 9400, 9400, 1, 0, 0, 0, 0, 0]', 94),
(403726925828, 4, 94, 0, '[0, 9400, 9400, 9400, 9400, 1, 0, 0, 0, 0, 0]', 94),
(403726925829, 5, 94, 0, '[0, 9400, 9400, 9400, 9400, 1, 0, 0, 0, 0, 0]', 94),
(403726925830, 6, 94, 0, '[0, 9400, 9400, 9400, 9400, 1, 0, 0, 0, 0, 0]', 94),
(403726925831, 7, 94, 0, '[0, 9400, 9400, 9400, 9400, 1, 0, 0, 0, 0, 0]', 94),
(403726925832, 8, 94, 0, '[0, 9400, 9400, 9400, 9400, 1, 0, 0, 0, 0, 0]', 94),
(403726925833, 9, 94, 0, '[0, 9400, 9400, 9400, 9400, 1, 0, 0, 0, 0, 0]', 94),
(408021893120, 0, 95, 0, '[0, 9500, 9500, 9500, 9500, 1, 0, 0, 0, 0, 0]', 95),
(408021893121, 1, 95, 0, '[0, 9500, 9500, 9500, 9500, 1, 0, 0, 0, 0, 0]', 95),
(408021893122, 2, 95, 0, '[0, 9500, 9500, 9500, 9500, 1, 0, 0, 0, 0, 0]', 95),
(408021893123, 3, 95, 0, '[0, 9500, 9500, 9500, 9500, 1, 0, 0, 0, 0, 0]', 95),
(408021893124, 4, 95, 0, '[0, 9500, 9500, 9500, 9500, 1, 0, 0, 0, 0, 0]', 95),
(408021893125, 5, 95, 0, '[0, 9500, 9500, 9500, 9500, 1, 0, 0, 0, 0, 0]', 95),
(408021893126, 6, 95, 0, '[0, 9500, 9500, 9500, 9500, 1, 0, 0, 0, 0, 0]', 95),
(408021893127, 7, 95, 0, '[0, 9500, 9500, 9500, 9500, 1, 0, 0, 0, 0, 0]', 95),
(408021893128, 8, 95, 0, '[0, 9500, 9500, 9500, 9500, 1, 0, 0, 0, 0, 0]', 95),
(408021893129, 9, 95, 0, '[0, 9500, 9500, 9500, 9500, 1, 0, 0, 0, 0, 0]', 95),
(412316860416, 0, 96, 0, '[0, 9600, 9600, 9600, 9600, 1, 0, 0, 0, 0, 0]', 96),
(412316860417, 1, 96, 0, '[0, 9600, 9600, 9600, 9600, 1, 0, 0, 0, 0, 0]', 96),
(412316860418, 2, 96, 0, '[0, 9600, 9600, 9600, 9600, 1, 0, 0, 0, 0, 0]', 96),
(412316860419, 3, 96, 0, '[0, 9600, 9600, 9600, 9600, 1, 0, 0, 0, 0, 0]', 96),
(412316860420, 4, 96, 0, '[0, 9600, 9600, 9600, 9600, 1, 0, 0, 0, 0, 0]', 96),
(412316860421, 5, 96, 0, '[0, 9600, 9600, 9600, 9600, 1, 0, 0, 0, 0, 0]', 96),
(412316860422, 6, 96, 0, '[0, 9600, 9600, 9600, 9600, 1, 0, 0, 0, 0, 0]', 96),
(412316860423, 7, 96, 0, '[0, 9600, 9600, 9600, 9600, 1, 0, 0, 0, 0, 0]', 96),
(412316860424, 8, 96, 0, '[0, 9600, 9600, 9600, 9600, 1, 0, 0, 0, 0, 0]', 96),
(412316860425, 9, 96, 0, '[0, 9600, 9600, 9600, 9600, 1, 0, 0, 0, 0, 0]', 96),
(416611827712, 0, 97, 0, '[0, 9700, 9700, 9700, 9700, 1, 0, 0, 0, 0, 0]', 97),
(416611827713, 1, 97, 0, '[0, 9700, 9700, 9700, 9700, 1, 0, 0, 0, 0, 0]', 97),
(416611827714, 2, 97, 0, '[0, 9700, 9700, 9700, 9700, 1, 0, 0, 0, 0, 0]', 97),
(416611827715, 3, 97, 0, '[0, 9700, 9700, 9700, 9700, 1, 0, 0, 0, 0, 0]', 97),
(416611827716, 4, 97, 0, '[0, 9700, 9700, 9700, 9700, 1, 0, 0, 0, 0, 0]', 97),
(416611827717, 5, 97, 0, '[0, 9700, 9700, 9700, 9700, 1, 0, 0, 0, 0, 0]', 97),
(416611827718, 6, 97, 0, '[0, 9700, 9700, 9700, 9700, 1, 0, 0, 0, 0, 0]', 97),
(416611827719, 7, 97, 0, '[0, 9700, 9700, 9700, 9700, 1, 0, 0, 0, 0, 0]', 97),
(416611827720, 8, 97, 0, '[0, 9700, 9700, 9700, 9700, 1, 0, 0, 0, 0, 0]', 97),
(416611827721, 9, 97, 0, '[0, 9700, 9700, 9700, 9700, 1, 0, 0, 0, 0, 0]', 97),
(420906795008, 0, 98, 0, '[0, 9800, 9800, 9800, 9800, 1, 0, 0, 0, 0, 0]', 98),
(420906795009, 1, 98, 0, '[0, 9800, 9800, 9800, 9800, 1, 0, 0, 0, 0, 0]', 98),
(420906795010, 2, 98, 0, '[0, 9800, 9800, 9800, 9800, 1, 0, 0, 0, 0, 0]', 98),
(420906795011, 3, 98, 0, '[0, 9800, 9800, 9800, 9800, 1, 0, 0, 0, 0, 0]', 98),
(420906795012, 4, 98, 0, '[0, 9800, 9800, 9800, 9800, 1, 0, 0, 0, 0, 0]', 98),
(420906795013, 5, 98, 0, '[0, 9800, 9800, 9800, 9800, 1, 0, 0, 0, 0, 0]', 98),
(420906795014, 6, 98, 0, '[0, 9800, 9800, 9800, 9800, 1, 0, 0, 0, 0, 0]', 98),
(420906795015, 7, 98, 0, '[0, 9800, 9800, 9800, 9800, 1, 0, 0, 0, 0, 0]', 98),
(420906795016, 8, 98, 0, '[0, 9800, 9800, 9800, 9800, 1, 0, 0, 0, 0, 0]', 98),
(420906795017, 9, 98, 0, '[0, 9800, 9800, 9800, 9800, 1, 0, 0, 0, 0, 0]', 98),
(425201762304, 0, 99, 0, '[0, 9900, 9900, 9900, 9900, 1, 0, 0, 0, 0, 0]', 99),
(425201762305, 1, 99, 0, '[0, 9900, 9900, 9900, 9900, 1, 0, 0, 0, 0, 0]', 99),
(425201762306, 2, 99, 0, '[0, 9900, 9900, 9900, 9900, 1, 0, 0, 0, 0, 0]', 99),
(425201762307, 3, 99, 0, '[0, 9900, 9900, 9900, 9900, 1, 0, 0, 0, 0, 0]', 99),
(425201762308, 4, 99, 0, '[0, 9900, 9900, 9900, 9900, 1, 0, 0, 0, 0, 0]', 99),
(425201762309, 5, 99, 0, '[0, 9900, 9900, 9900, 9900, 1, 0, 0, 0, 0, 0]', 99),
(425201762310, 6, 99, 0, '[0, 9900, 9900, 9900, 9900, 1, 0, 0, 0, 0, 0]', 99),
(425201762311, 7, 99, 0, '[0, 9900, 9900, 9900, 9900, 1, 0, 0, 0, 0, 0]', 99),
(425201762312, 8, 99, 0, '[0, 9900, 9900, 9900, 9900, 1, 0, 0, 0, 0, 0]', 99),
(425201762313, 9, 99, 0, '[0, 9900, 9900, 9900, 9900, 1, 0, 0, 0, 0, 0]', 99),
(429496729600, 0, 100, 0, '[0, 10000, 10000, 10000, 10000, 1, 0, 0, 0, 0, 0]', 100),
(429496729601, 1, 100, 0, '[0, 10000, 10000, 10000, 10000, 1, 0, 0, 0, 0, 0]', 100),
(429496729602, 2, 100, 0, '[0, 10000, 10000, 10000, 10000, 1, 0, 0, 0, 0, 0]', 100),
(429496729603, 3, 100, 0, '[0, 10000, 10000, 10000, 10000, 1, 0, 0, 0, 0, 0]', 100),
(429496729604, 4, 100, 0, '[0, 10000, 10000, 10000, 10000, 1, 0, 0, 0, 0, 0]', 100),
(429496729605, 5, 100, 0, '[0, 10000, 10000, 10000, 10000, 1, 0, 0, 0, 0, 0]', 100),
(429496729606, 6, 100, 0, '[0, 10000, 10000, 10000, 10000, 1, 0, 0, 0, 0, 0]', 100),
(429496729607, 7, 100, 0, '[0, 10000, 10000, 10000, 10000, 1, 0, 0, 0, 0, 0]', 100),
(429496729608, 8, 100, 0, '[0, 10000, 10000, 10000, 10000, 1, 0, 0, 0, 0, 0]', 100),
(429496729609, 9, 100, 0, '[0, 10000, 10000, 10000, 10000, 1, 0, 0, 0, 0, 0]', 100);

-- --------------------------------------------------------

--
-- 表的结构 `creature_spawn`
--

CREATE TABLE `creature_spawn` (
  `spawnId` int(10) UNSIGNED NOT NULL,
  `flags` json NOT NULL,
  `entry` int(10) UNSIGNED NOT NULL,
  `level` int(10) UNSIGNED NOT NULL,
  `round` int(10) UNSIGNED NOT NULL,
  `map_id` int(10) UNSIGNED NOT NULL,
  `map_type` int(10) UNSIGNED NOT NULL,
  `x` float NOT NULL,
  `y` float NOT NULL,
  `z` float NOT NULL,
  `o` float NOT NULL,
  `idleType` int(10) UNSIGNED NOT NULL,
  `wayPointId` int(10) UNSIGNED NOT NULL
) ENGINE=InnoDB DEFAULT CHARSET=utf8mb4 COLLATE=utf8mb4_0900_ai_ci;

--
-- 转存表中的数据 `creature_spawn`
--

INSERT INTO `creature_spawn` (`spawnId`, `flags`, `entry`, `level`, `round`, `map_id`, `map_type`, `x`, `y`, `z`, `o`, `idleType`, `wayPointId`) VALUES
(1, '{\"isRespawn\": true}', 4, 19, 0, 2, 1, -7, 0, 63, 0, 1, 0),
(2, '{\"isRespawn\": true}', 4, 61, 0, 1, 1, 83, 0, 11, 0, 1, 0),
(3, '{\"isRespawn\": true}', 10, 17, 0, 1, 1, 7, 0, -53, 0, 1, 0),
(4, '{\"isRespawn\": true}', 3, 34, 0, 2, 1, -96, 0, 80, 0, 1, 0),
(5, '{\"isRespawn\": true}', 6, 78, 0, 2, 1, -6, 0, -15, 0, 1, 0),
(6, '{\"isRespawn\": true}', 3, 63, 0, 1, 1, 74, 0, 26, 0, 1, 0),
(7, '{\"isRespawn\": true}', 9, 43, 0, 2, 1, -23, 0, -45, 0, 1, 0),
(8, '{\"isRespawn\": true}', 12, 81, 0, 2, 1, -63, 0, 72, 0, 1, 0),
(9, '{\"isRespawn\": true}', 10, 25, 0, 2, 1, -10, 0, 78, 0, 1, 0),
(10, '{\"isRespawn\": true}', 10, 36, 0, 1, 1, -76, 0, 10, 0, 1, 0),
(11, '{\"isRespawn\": true}', 11, 86, 0, 2, 1, 37, 0, 18, 0, 1, 0),
(12, '{\"isRespawn\": true}', 3, 76, 0, 2, 1, 52, 0, -50, 0, 1, 0),
(13, '{\"isRespawn\": true}', 10, 39, 0, 2, 1, 64, 0, -13, 0, 1, 0),
(14, '{\"isRespawn\": true}', 11, 27, 0, 1, 1, -56, 0, 54, 0, 1, 0),
(15, '{\"isRespawn\": true}', 7, 56, 0, 2, 1, -30, 0, -22, 0, 1, 0),
(16, '{\"isRespawn\": true}', 11, 7, 0, 1, 1, 41, 0, -71, 0, 1, 0),
(17, '{\"isRespawn\": true}', 6, 23, 0, 1, 1, 45, 0, 27, 0, 1, 0),
(18, '{\"isRespawn\": true}', 11, 77, 0, 2, 1, -3, 0, -55, 0, 1, 0),
(19, '{\"isRespawn\": true}', 11, 52, 0, 2, 1, -73, 0, 92, 0, 1, 0),
(20, '{\"isRespawn\": true}', 11, 31, 0, 1, 1, -33, 0, 50, 0, 1, 0),
(21, '{\"isRespawn\": true}', 7, 21, 0, 1, 1, 31, 0, 55, 0, 1, 0),
(22, '{\"isRespawn\": true}', 8, 40, 0, 2, 1, 40, 0, 52, 0, 1, 0),
(23, '{\"isRespawn\": true}', 10, 8, 0, 2, 1, 35, 0, -78, 0, 1, 0),
(24, '{\"isRespawn\": true}', 10, 48, 0, 2, 1, 83, 0, -13, 0, 1, 0),
(25, '{\"isRespawn\": true}', 11, 21, 0, 2, 1, -47, 0, -18, 0, 1, 0),
(26, '{\"isRespawn\": true}', 11, 56, 0, 2, 1, 86, 0, -98, 0, 1, 0),
(27, '{\"isRespawn\": true}', 4, 63, 0, 2, 1, -99, 0, 39, 0, 1, 0),
(28, '{\"isRespawn\": true}', 4, 40, 0, 1, 1, -22, 0, -64, 0, 1, 0),
(29, '{\"isRespawn\": true}', 4, 14, 0, 1, 1, 65, 0, 15, 0, 1, 0),
(30, '{\"isRespawn\": true}', 11, 13, 0, 2, 1, 57, 0, 36, 0, 1, 0),
(31, '{\"isRespawn\": true}', 12, 43, 0, 2, 1, -71, 0, 49, 0, 1, 0),
(32, '{\"isRespawn\": true}', 10, 26, 0, 1, 1, -32, 0, 64, 0, 1, 0),
(33, '{\"isRespawn\": true}', 5, 59, 0, 2, 1, -72, 0, 46, 0, 1, 0),
(34, '{\"isRespawn\": true}', 10, 74, 0, 2, 1, 92, 0, -31, 0, 1, 0),
(35, '{\"isRespawn\": true}', 12, 44, 0, 1, 1, -78, 0, -42, 0, 1, 0),
(36, '{\"isRespawn\": true}', 4, 67, 0, 2, 1, 15, 0, 96, 0, 1, 0),
(37, '{\"isRespawn\": true}', 4, 92, 0, 1, 1, 57, 0, 98, 0, 1, 0),
(38, '{\"isRespawn\": true}', 4, 30, 0, 1, 1, -48, 0, 53, 0, 1, 0),
(39, '{\"isRespawn\": true}', 8, 31, 0, 2, 1, 21, 0, 29, 0, 1, 0),
(40, '{\"isRespawn\": true}', 11, 79, 0, 1, 1, 60, 0, -55, 0, 1, 0),
(41, '{\"isRespawn\": true}', 4, 26, 0, 2, 1, 12, 0, 3, 0, 1, 0),
(42, '{\"isRespawn\": true}', 8, 42, 0, 1, 1, 62, 0, 93, 0, 1, 0),
(43, '{\"isRespawn\": true}', 10, 16, 0, 1, 1, 55, 0, -47, 0, 1, 0),
(44, '{\"isRespawn\": true}', 12, 59, 0, 1, 1, 68, 0, 78, 0, 1, 0),
(45, '{\"isRespawn\": true}', 12, 27, 0, 1, 1, -26, 0, -72, 0, 1, 0),
(46, '{\"isRespawn\": true}', 4, 68, 0, 1, 1, -40, 0, -54, 0, 1, 0),
(47, '{\"isRespawn\": true}', 9, 15, 0, 1, 1, 15, 0, 98, 0, 1, 0),
(48, '{\"isRespawn\": true}', 12, 45, 0, 2, 1, -72, 0, 3, 0, 1, 0),
(49, '{\"isRespawn\": true}', 4, 29, 0, 2, 1, 29, 0, -21, 0, 1, 0),
(50, '{\"isRespawn\": true}', 4, 52, 0, 2, 1, -28, 0, 47, 0, 1, 0),
(51, '{\"isRespawn\": true}', 4, 73, 0, 1, 1, -4, 0, 56, 0, 1, 0),
(52, '{\"isRespawn\": true}', 11, 4, 0, 1, 1, -1, 0, -61, 0, 1, 0),
(53, '{\"isRespawn\": true}', 4, 23, 0, 2, 1, 87, 0, 58, 0, 1, 0),
(54, '{\"isRespawn\": true}', 8, 96, 0, 1, 1, 48, 0, -46, 0, 1, 0),
(55, '{\"isRespawn\": true}', 8, 55, 0, 2, 1, 13, 0, 14, 0, 1, 0),
(56, '{\"isRespawn\": true}', 3, 57, 0, 2, 1, -8, 0, -88, 0, 1, 0),
(57, '{\"isRespawn\": true}', 12, 22, 0, 2, 1, 23, 0, -7, 0, 1, 0),
(58, '{\"isRespawn\": true}', 6, 81, 0, 1, 1, -53, 0, -80, 0, 1, 0),
(59, '{\"isRespawn\": true}', 10, 44, 0, 2, 1, 8, 0, 2, 0, 1, 0),
(60, '{\"isRespawn\": true}', 5, 5, 0, 1, 1, 34, 0, 18, 0, 1, 0),
(61, '{\"isRespawn\": true}', 4, 24, 0, 2, 1, 55, 0, -38, 0, 1, 0),
(62, '{\"isRespawn\": true}', 3, 12, 0, 1, 1, 59, 0, -7, 0, 1, 0),
(63, '{\"isRespawn\": true}', 10, 55, 0, 1, 1, -43, 0, 40, 0, 1, 0),
(64, '{\"isRespawn\": true}', 12, 8, 0, 2, 1, 76, 0, 52, 0, 1, 0),
(65, '{\"isRespawn\": true}', 11, 53, 0, 1, 1, -59, 0, 94, 0, 1, 0),
(66, '{\"isRespawn\": true}', 4, 31, 0, 2, 1, 66, 0, -59, 0, 1, 0),
(67, '{\"isRespawn\": true}', 4, 34, 0, 2, 1, 6, 0, 57, 0, 1, 0),
(68, '{\"isRespawn\": true}', 7, 62, 0, 2, 1, -61, 0, -10, 0, 1, 0),
(69, '{\"isRespawn\": true}', 6, 95, 0, 1, 1, 45, 0, 26, 0, 1, 0),
(70, '{\"isRespawn\": true}', 3, 17, 0, 1, 1, -94, 0, -12, 0, 1, 0),
(71, '{\"isRespawn\": true}', 5, 98, 0, 2, 1, -85, 0, -53, 0, 1, 0),
(72, '{\"isRespawn\": true}', 6, 91, 0, 1, 1, 92, 0, -19, 0, 1, 0),
(73, '{\"isRespawn\": true}', 5, 3, 0, 2, 1, -30, 0, 52, 0, 1, 0),
(74, '{\"isRespawn\": true}', 3, 94, 0, 2, 1, 37, 0, 50, 0, 1, 0),
(75, '{\"isRespawn\": true}', 9, 48, 0, 1, 1, 38, 0, -16, 0, 1, 0),
(76, '{\"isRespawn\": true}', 8, 90, 0, 2, 1, 13, 0, -67, 0, 1, 0),
(77, '{\"isRespawn\": true}', 8, 25, 0, 2, 1, 15, 0, -45, 0, 1, 0),
(78, '{\"isRespawn\": true}', 12, 42, 0, 2, 1, 29, 0, 80, 0, 1, 0),
(79, '{\"isRespawn\": true}', 4, 95, 0, 2, 1, 5, 0, -89, 0, 1, 0),
(80, '{\"isRespawn\": true}', 5, 20, 0, 2, 1, 14, 0, 17, 0, 1, 0),
(81, '{\"isRespawn\": true}', 5, 73, 0, 1, 1, -19, 0, -14, 0, 1, 0),
(82, '{\"isRespawn\": true}', 9, 24, 0, 1, 1, -67, 0, -31, 0, 1, 0),
(83, '{\"isRespawn\": true}', 7, 44, 0, 1, 1, 94, 0, -75, 0, 1, 0),
(84, '{\"isRespawn\": true}', 3, 31, 0, 2, 1, 84, 0, 57, 0, 1, 0),
(85, '{\"isRespawn\": true}', 3, 11, 0, 2, 1, -1, 0, -9, 0, 1, 0),
(86, '{\"isRespawn\": true}', 4, 10, 0, 1, 1, 51, 0, -7, 0, 1, 0),
(87, '{\"isRespawn\": true}', 7, 6, 0, 2, 1, 32, 0, 31, 0, 1, 0),
(88, '{\"isRespawn\": true}', 10, 31, 0, 1, 1, 50, 0, -9, 0, 1, 0),
(89, '{\"isRespawn\": true}', 11, 9, 0, 2, 1, 71, 0, -82, 0, 1, 0),
(90, '{\"isRespawn\": true}', 6, 70, 0, 2, 1, 70, 0, 46, 0, 1, 0),
(91, '{\"isRespawn\": true}', 5, 65, 0, 2, 1, 29, 0, 81, 0, 1, 0),
(92, '{\"isRespawn\": true}', 10, 7, 0, 2, 1, -76, 0, -45, 0, 1, 0),
(93, '{\"isRespawn\": true}', 8, 1, 0, 1, 1, 21, 0, 55, 0, 1, 0),
(94, '{\"isRespawn\": true}', 9, 96, 0, 1, 1, -54, 0, -32, 0, 1, 0),
(95, '{\"isRespawn\": true}', 8, 99, 0, 1, 1, 90, 0, 40, 0, 1, 0),
(96, '{\"isRespawn\": true}', 7, 75, 0, 2, 1, 1, 0, -66, 0, 1, 0),
(97, '{\"isRespawn\": true}', 10, 92, 0, 2, 1, -38, 0, 63, 0, 1, 0),
(98, '{\"isRespawn\": true}', 9, 81, 0, 2, 1, 73, 0, -67, 0, 1, 0),
(99, '{\"isRespawn\": true}', 8, 54, 0, 1, 1, 84, 0, -51, 0, 1, 0),
(100, '{\"isRespawn\": true}', 5, 82, 0, 1, 1, 54, 0, -43, 0, 1, 0);

-- --------------------------------------------------------

--
-- 表的结构 `editor_tree_view`
--

CREATE TABLE `editor_tree_view` (
  `etvType` int(10) UNSIGNED NOT NULL,
  `etvTree` json NOT NULL
) ENGINE=InnoDB DEFAULT CHARSET=utf8mb4 COLLATE=utf8mb4_0900_ai_ci;

--
-- 转存表中的数据 `editor_tree_view`
--

INSERT INTO `editor_tree_view` (`etvType`, `etvTree`) VALUES
(1, '[{\"id\": 1}, {\"id\": 2}, {\"id\": 3}, {\"id\": 4}, {\"id\": 5}, {\"id\": 6}, {\"id\": 7}, {\"id\": 8}, {\"id\": 9}]'),
(2, '[{\"id\": 10}, {\"id\": 11}, {\"id\": 12}, {\"id\": 13}, {\"id\": 14}, {\"id\": 15}]'),
(3, '[{\"id\": 1}, {\"id\": 2}, {\"id\": 3}, {\"id\": 4}, {\"id\": 5}, {\"id\": 6}, {\"id\": 7}, {\"id\": 8}, {\"id\": 9}, {\"id\": 10}, {\"id\": 11}, {\"id\": 12}]'),
(4, '[{\"id\": 1}, {\"id\": 2}, {\"id\": 3}]'),
(5, '[3, 5, 6, 1, 2, 4, 26]'),
(6, '[{\"id\": 1}, {\"id\": 2}, {\"id\": 3}]');

-- --------------------------------------------------------

--
-- 表的结构 `game_time`
--

CREATE TABLE `game_time` (
  `Id` int(10) UNSIGNED NOT NULL,
  `strTime` text NOT NULL,
  `strDesc` text
) ENGINE=InnoDB DEFAULT CHARSET=utf8mb4 COLLATE=utf8mb4_0900_ai_ci;

--
-- 转存表中的数据 `game_time`
--

INSERT INTO `game_time` (`Id`, `strTime`, `strDesc`) VALUES
(1, '18:0:0,1800', NULL),
(2, '1,2,3;18:0:0,1800,300;19:0:0,1800,300;', NULL);

-- --------------------------------------------------------

--
-- 表的结构 `item_equip_prototype`
--

CREATE TABLE `item_equip_prototype` (
  `itemTypeID` int(10) UNSIGNED NOT NULL,
  `itemEquipAttrs` json DEFAULT NULL,
  `itemEquipSpells` json DEFAULT NULL
) ENGINE=InnoDB DEFAULT CHARSET=utf8mb4 COLLATE=utf8mb4_0900_ai_ci;

-- --------------------------------------------------------

--
-- 表的结构 `item_prototype`
--

CREATE TABLE `item_prototype` (
  `itemTypeID` int(10) UNSIGNED NOT NULL,
  `itemFlags` json NOT NULL,
  `itemClass` int(10) UNSIGNED NOT NULL,
  `itemSubClass` int(10) UNSIGNED NOT NULL,
  `itemQuality` int(10) UNSIGNED NOT NULL,
  `itemLevel` int(10) UNSIGNED NOT NULL,
  `itemStack` int(10) UNSIGNED NOT NULL,
  `itemSellPrice` int(10) UNSIGNED NOT NULL,
  `itemLootId` int(10) UNSIGNED NOT NULL,
  `itemSpellId` int(10) UNSIGNED NOT NULL,
  `itemSpellLevel` int(10) UNSIGNED NOT NULL,
  `itemScriptId` int(10) UNSIGNED NOT NULL,
  `itemScriptArgs` text NOT NULL,
  `itemParams` json NOT NULL
) ENGINE=InnoDB DEFAULT CHARSET=utf8mb4 COLLATE=utf8mb4_0900_ai_ci;

--
-- 转存表中的数据 `item_prototype`
--

INSERT INTO `item_prototype` (`itemTypeID`, `itemFlags`, `itemClass`, `itemSubClass`, `itemQuality`, `itemLevel`, `itemStack`, `itemSellPrice`, `itemLootId`, `itemSpellId`, `itemSpellLevel`, `itemScriptId`, `itemScriptArgs`, `itemParams`) VALUES
(1, '{\"canSell\": true, \"canDestroy\": true}', 6, 0, 0, 1, 999, 10, 0, 0, 1, 0, '', 'null'),
(2, '{\"canSell\": true, \"canDestroy\": true}', 6, 0, 0, 1, 999, 1, 0, 0, 1, 0, '', 'null'),
(3, '{\"canSell\": true, \"canDestroy\": true}', 1, 1, 0, 1, 1, 100, 0, 0, 1, 0, '', 'null'),
(4, '{\"canSell\": true, \"canDestroy\": true}', 6, 0, 0, 1, 999, 1, 0, 0, 1, 0, '', 'null'),
(5, '{\"canUse\": true, \"canSell\": true, \"canDestroy\": true}', 5, 0, 0, 1, 99, 3, 0, 0, 1, 0, '', 'null'),
(6, '{\"canUse\": true, \"canSell\": true, \"canDestroy\": true}', 5, 0, 0, 1, 99, 3, 0, 0, 1, 0, '', 'null');

-- --------------------------------------------------------

--
-- 表的结构 `landmark_point`
--

CREATE TABLE `landmark_point` (
  `Id` int(10) UNSIGNED NOT NULL,
  `name` varchar(128) NOT NULL,
  `map_id` int(10) UNSIGNED NOT NULL,
  `map_type` int(10) UNSIGNED NOT NULL,
  `x` float NOT NULL,
  `y` float NOT NULL,
  `z` float NOT NULL
) ENGINE=InnoDB DEFAULT CHARSET=utf8mb4 COLLATE=utf8mb4_0900_ai_ci;

-- --------------------------------------------------------

--
-- 表的结构 `loot_set`
--

CREATE TABLE `loot_set` (
  `lsID` int(10) UNSIGNED NOT NULL,
  `lsName` varchar(128) NOT NULL
) ENGINE=InnoDB DEFAULT CHARSET=utf8mb4 COLLATE=utf8mb4_0900_ai_ci;

--
-- 转存表中的数据 `loot_set`
--

INSERT INTO `loot_set` (`lsID`, `lsName`) VALUES
(1, '怪物掉落'),
(2, '强盗掉落'),
(3, '草药掉落');

-- --------------------------------------------------------

--
-- 表的结构 `loot_set_group`
--

CREATE TABLE `loot_set_group` (
  `lsgID` int(10) UNSIGNED NOT NULL,
  `lsID` int(10) UNSIGNED NOT NULL,
  `lsgName` varchar(128) NOT NULL,
  `lsgOdds` float NOT NULL,
  `lsgMinItemTimes` int(10) UNSIGNED NOT NULL,
  `lsgMaxItemTimes` int(10) UNSIGNED NOT NULL,
  `lsgMinChequeTimes` int(10) UNSIGNED NOT NULL,
  `lsgMaxChequeTimes` int(10) UNSIGNED NOT NULL
) ENGINE=InnoDB DEFAULT CHARSET=utf8mb4 COLLATE=utf8mb4_0900_ai_ci;

--
-- 转存表中的数据 `loot_set_group`
--

INSERT INTO `loot_set_group` (`lsgID`, `lsID`, `lsgName`, `lsgOdds`, `lsgMinItemTimes`, `lsgMaxItemTimes`, `lsgMinChequeTimes`, `lsgMaxChequeTimes`) VALUES
(4, 1, '怪物掉落', 1, 1, 2, 0, 0),
(5, 2, '强盗掉落', 1, 1, 2, 1, 2),
(6, 3, '草药掉落', 1, 1, 1, 0, 0);

-- --------------------------------------------------------

--
-- 表的结构 `loot_set_group_cheque`
--

CREATE TABLE `loot_set_group_cheque` (
  `lsgcID` int(10) UNSIGNED NOT NULL,
  `lsID` int(10) UNSIGNED NOT NULL,
  `lsgID` int(10) UNSIGNED NOT NULL,
  `lsgcWeight` int(10) UNSIGNED NOT NULL,
  `lsgcChequeType` int(10) UNSIGNED NOT NULL,
  `lsgcMinValue` int(10) UNSIGNED NOT NULL,
  `lsgcMaxValue` int(10) UNSIGNED NOT NULL,
  `lsgcMaxTimes` int(10) UNSIGNED NOT NULL
) ENGINE=InnoDB DEFAULT CHARSET=utf8mb4 COLLATE=utf8mb4_0900_ai_ci;

--
-- 转存表中的数据 `loot_set_group_cheque`
--

INSERT INTO `loot_set_group_cheque` (`lsgcID`, `lsID`, `lsgID`, `lsgcWeight`, `lsgcChequeType`, `lsgcMinValue`, `lsgcMaxValue`, `lsgcMaxTimes`) VALUES
(4, 1, 4, 0, 0, 0, 0, 0),
(5, 2, 5, 100, 0, 1, 100, 2),
(6, 2, 5, 1, 1, 1, 5, 1),
(7, 3, 6, 0, 0, 0, 0, 0);

-- --------------------------------------------------------

--
-- 表的结构 `loot_set_group_item`
--

CREATE TABLE `loot_set_group_item` (
  `lsgiID` int(10) UNSIGNED NOT NULL,
  `lsID` int(10) UNSIGNED NOT NULL,
  `lsgID` int(10) UNSIGNED NOT NULL,
  `lsgiFlags` json NOT NULL,
  `lsgiWeight` int(10) UNSIGNED NOT NULL,
  `lsgiItemTypeID` int(10) UNSIGNED NOT NULL,
  `lsgiMinCount` int(10) UNSIGNED NOT NULL,
  `lsgiMaxCount` int(10) UNSIGNED NOT NULL,
  `lsgiMaxTimes` int(10) UNSIGNED NOT NULL,
  `lsgiLimitQuest` int(10) UNSIGNED NOT NULL,
  `lsgiLimitCareer` int(10) UNSIGNED NOT NULL,
  `lsgiLimitGender` int(10) UNSIGNED NOT NULL
) ENGINE=InnoDB DEFAULT CHARSET=utf8mb4 COLLATE=utf8mb4_0900_ai_ci;

--
-- 转存表中的数据 `loot_set_group_item`
--

INSERT INTO `loot_set_group_item` (`lsgiID`, `lsID`, `lsgID`, `lsgiFlags`, `lsgiWeight`, `lsgiItemTypeID`, `lsgiMinCount`, `lsgiMaxCount`, `lsgiMaxTimes`, `lsgiLimitQuest`, `lsgiLimitCareer`, `lsgiLimitGender`) VALUES
(6, 1, 4, '{\"bindToPicker\": true}', 1, 1, 1, 1, 0, 0, 0, 0),
(7, 1, 4, '{\"bindToPicker\": true}', 1, 4, 1, 1, 1, 0, 0, 0),
(8, 2, 5, '{\"bindToPicker\": true}', 10, 2, 1, 1, 1, 0, 0, 0),
(9, 2, 5, '{\"bindToPicker\": true}', 1, 3, 1, 1, 1, 0, 0, 0),
(10, 3, 6, '{\"bindToPicker\": true}', 1, 5, 1, 1, 1, 0, 0, 0),
(11, 2, 5, '{}', 1, 5, 1, 1, 1, 0, 0, 0),
(12, 2, 5, '{\"bindToPicker\": true}', 1, 6, 1, 1, 1, 0, 0, 0);

-- --------------------------------------------------------

--
-- 表的结构 `map_graveyard`
--

CREATE TABLE `map_graveyard` (
  `Id` int(10) UNSIGNED NOT NULL,
  `name` varchar(128) NOT NULL,
  `map_id` int(10) UNSIGNED NOT NULL,
  `map_type` int(10) UNSIGNED NOT NULL,
  `x` float NOT NULL,
  `y` float NOT NULL,
  `z` float NOT NULL,
  `o` float NOT NULL,
  `trait` int(10) UNSIGNED NOT NULL
) ENGINE=InnoDB DEFAULT CHARSET=utf8mb4 COLLATE=utf8mb4_0900_ai_ci;

--
-- 转存表中的数据 `map_graveyard`
--

INSERT INTO `map_graveyard` (`Id`, `name`, `map_id`, `map_type`, `x`, `y`, `z`, `o`, `trait`) VALUES
(1, '', 1, 1, 0, 0, 0, 0, 0),
(2, '', 2, 1, 0, 0, 0, 0, 0);

-- --------------------------------------------------------

--
-- 表的结构 `map_info`
--

CREATE TABLE `map_info` (
  `Id` int(10) UNSIGNED NOT NULL,
  `type` int(10) UNSIGNED NOT NULL,
  `flags` json NOT NULL,
  `strName` varchar(128) NOT NULL,
  `strSceneFile` varchar(256) NOT NULL,
  `viewing_distance` float NOT NULL,
  `load_value` int(10) UNSIGNED NOT NULL,
  `pop_map_id` int(10) UNSIGNED NOT NULL,
  `pop_pos_x` float NOT NULL,
  `pop_pos_y` float NOT NULL,
  `pop_pos_z` float NOT NULL,
  `pop_o` float NOT NULL
) ENGINE=InnoDB DEFAULT CHARSET=utf8mb4 COLLATE=utf8mb4_0900_ai_ci;

--
-- 转存表中的数据 `map_info`
--

INSERT INTO `map_info` (`Id`, `type`, `flags`, `strName`, `strSceneFile`, `viewing_distance`, `load_value`, `pop_map_id`, `pop_pos_x`, `pop_pos_y`, `pop_pos_z`, `pop_o`) VALUES
(1, 1, '0', '稻香村', 'worlds/newplayer', 30, 0, 1, 0, 0, 0, 0),
(2, 1, '0', '主城', 'worlds/maincity', 30, 0, 1, 0, 0, 0, 0);

-- --------------------------------------------------------

--
-- 表的结构 `map_zone`
--

CREATE TABLE `map_zone` (
  `Id` int(10) UNSIGNED NOT NULL,
  `parentId` int(10) UNSIGNED NOT NULL,
  `priority` int(10) UNSIGNED NOT NULL,
  `map_id` int(10) UNSIGNED NOT NULL,
  `map_type` int(10) UNSIGNED NOT NULL,
  `x1` float NOT NULL,
  `y1` float NOT NULL,
  `z1` float NOT NULL,
  `x2` float NOT NULL,
  `y2` float NOT NULL,
  `z2` float NOT NULL,
  `pvp_flags` int(10) UNSIGNED NOT NULL
) ENGINE=InnoDB DEFAULT CHARSET=utf8mb4 COLLATE=utf8mb4_0900_ai_ci;

-- --------------------------------------------------------

--
-- 表的结构 `pay_shop`
--

CREATE TABLE `pay_shop` (
  `Id` int(10) UNSIGNED NOT NULL,
  `strName` char(32) NOT NULL,
  `platformId` int(10) UNSIGNED NOT NULL,
  `strChannels` text NOT NULL,
  `itemType` int(10) UNSIGNED NOT NULL,
  `buyPrice` int(10) UNSIGNED NOT NULL,
  `buyGoldValue` int(10) UNSIGNED NOT NULL,
  `buyCheques` json NOT NULL,
  `buyItems` json NOT NULL,
  `buyShowItemId` int(10) UNSIGNED NOT NULL,
  `strRemark` text
) ENGINE=InnoDB DEFAULT CHARSET=utf8mb4 COLLATE=utf8mb4_0900_ai_ci;

-- --------------------------------------------------------

--
-- 表的结构 `player_attribute`
--

CREATE TABLE `player_attribute` (
  `Id` int(10) UNSIGNED NOT NULL,
  `career` int(10) UNSIGNED NOT NULL,
  `level` int(10) UNSIGNED NOT NULL,
  `attrs` json NOT NULL,
  `damageFactor` double NOT NULL
) ENGINE=InnoDB DEFAULT CHARSET=utf8mb4 COLLATE=utf8mb4_0900_ai_ci;

--
-- 转存表中的数据 `player_attribute`
--

INSERT INTO `player_attribute` (`Id`, `career`, `level`, `attrs`, `damageFactor`) VALUES
(1, 0, 1, '[0, 100, 100, 100, 100, 1, 0, 0, 0, 0, 0]', 1),
(2, 0, 2, '[0, 200, 200, 200, 200, 1, 0, 0, 0, 0, 0]', 2),
(3, 0, 3, '[0, 300, 300, 300, 300, 1, 0, 0, 0, 0, 0]', 3),
(4, 0, 4, '[0, 400, 400, 400, 400, 1, 0, 0, 0, 0, 0]', 4),
(5, 0, 5, '[0, 500, 500, 500, 500, 1, 0, 0, 0, 0, 0]', 5),
(6, 0, 6, '[0, 600, 600, 600, 600, 1, 0, 0, 0, 0, 0]', 6),
(7, 0, 7, '[0, 700, 700, 700, 700, 1, 0, 0, 0, 0, 0]', 7),
(8, 0, 8, '[0, 800, 800, 800, 800, 1, 0, 0, 0, 0, 0]', 8),
(9, 0, 9, '[0, 900, 900, 900, 900, 1, 0, 0, 0, 0, 0]', 9),
(10, 0, 10, '[0, 1000, 1000, 1000, 1000, 1, 0, 0, 0, 0, 0]', 10),
(11, 0, 11, '[0, 1100, 1100, 1100, 1100, 1, 0, 0, 0, 0, 0]', 11),
(12, 0, 12, '[0, 1200, 1200, 1200, 1200, 1, 0, 0, 0, 0, 0]', 12),
(13, 0, 13, '[0, 1300, 1300, 1300, 1300, 1, 0, 0, 0, 0, 0]', 13),
(14, 0, 14, '[0, 1400, 1400, 1400, 1400, 1, 0, 0, 0, 0, 0]', 14),
(15, 0, 15, '[0, 1500, 1500, 1500, 1500, 1, 0, 0, 0, 0, 0]', 15),
(16, 0, 16, '[0, 1600, 1600, 1600, 1600, 1, 0, 0, 0, 0, 0]', 16),
(17, 0, 17, '[0, 1700, 1700, 1700, 1700, 1, 0, 0, 0, 0, 0]', 17),
(18, 0, 18, '[0, 1800, 1800, 1800, 1800, 1, 0, 0, 0, 0, 0]', 18),
(19, 0, 19, '[0, 1900, 1900, 1900, 1900, 1, 0, 0, 0, 0, 0]', 19),
(20, 0, 20, '[0, 2000, 2000, 2000, 2000, 1, 0, 0, 0, 0, 0]', 20),
(21, 0, 21, '[0, 2100, 2100, 2100, 2100, 1, 0, 0, 0, 0, 0]', 21),
(22, 0, 22, '[0, 2200, 2200, 2200, 2200, 1, 0, 0, 0, 0, 0]', 22),
(23, 0, 23, '[0, 2300, 2300, 2300, 2300, 1, 0, 0, 0, 0, 0]', 23),
(24, 0, 24, '[0, 2400, 2400, 2400, 2400, 1, 0, 0, 0, 0, 0]', 24),
(25, 0, 25, '[0, 2500, 2500, 2500, 2500, 1, 0, 0, 0, 0, 0]', 25),
(26, 0, 26, '[0, 2600, 2600, 2600, 2600, 1, 0, 0, 0, 0, 0]', 26),
(27, 0, 27, '[0, 2700, 2700, 2700, 2700, 1, 0, 0, 0, 0, 0]', 27),
(28, 0, 28, '[0, 2800, 2800, 2800, 2800, 1, 0, 0, 0, 0, 0]', 28),
(29, 0, 29, '[0, 2900, 2900, 2900, 2900, 1, 0, 0, 0, 0, 0]', 29),
(30, 0, 30, '[0, 3000, 3000, 3000, 3000, 1, 0, 0, 0, 0, 0]', 30),
(31, 0, 31, '[0, 3100, 3100, 3100, 3100, 1, 0, 0, 0, 0, 0]', 31),
(32, 0, 32, '[0, 3200, 3200, 3200, 3200, 1, 0, 0, 0, 0, 0]', 32),
(33, 0, 33, '[0, 3300, 3300, 3300, 3300, 1, 0, 0, 0, 0, 0]', 33),
(34, 0, 34, '[0, 3400, 3400, 3400, 3400, 1, 0, 0, 0, 0, 0]', 34),
(35, 0, 35, '[0, 3500, 3500, 3500, 3500, 1, 0, 0, 0, 0, 0]', 35),
(36, 0, 36, '[0, 3600, 3600, 3600, 3600, 1, 0, 0, 0, 0, 0]', 36),
(37, 0, 37, '[0, 3700, 3700, 3700, 3700, 1, 0, 0, 0, 0, 0]', 37),
(38, 0, 38, '[0, 3800, 3800, 3800, 3800, 1, 0, 0, 0, 0, 0]', 38),
(39, 0, 39, '[0, 3900, 3900, 3900, 3900, 1, 0, 0, 0, 0, 0]', 39),
(40, 0, 40, '[0, 4000, 4000, 4000, 4000, 1, 0, 0, 0, 0, 0]', 40),
(41, 0, 41, '[0, 4100, 4100, 4100, 4100, 1, 0, 0, 0, 0, 0]', 41),
(42, 0, 42, '[0, 4200, 4200, 4200, 4200, 1, 0, 0, 0, 0, 0]', 42),
(43, 0, 43, '[0, 4300, 4300, 4300, 4300, 1, 0, 0, 0, 0, 0]', 43),
(44, 0, 44, '[0, 4400, 4400, 4400, 4400, 1, 0, 0, 0, 0, 0]', 44),
(45, 0, 45, '[0, 4500, 4500, 4500, 4500, 1, 0, 0, 0, 0, 0]', 45),
(46, 0, 46, '[0, 4600, 4600, 4600, 4600, 1, 0, 0, 0, 0, 0]', 46),
(47, 0, 47, '[0, 4700, 4700, 4700, 4700, 1, 0, 0, 0, 0, 0]', 47),
(48, 0, 48, '[0, 4800, 4800, 4800, 4800, 1, 0, 0, 0, 0, 0]', 48),
(49, 0, 49, '[0, 4900, 4900, 4900, 4900, 1, 0, 0, 0, 0, 0]', 49),
(50, 0, 50, '[0, 5000, 5000, 5000, 5000, 1, 0, 0, 0, 0, 0]', 50),
(51, 0, 51, '[0, 5100, 5100, 5100, 5100, 1, 0, 0, 0, 0, 0]', 51),
(52, 0, 52, '[0, 5200, 5200, 5200, 5200, 1, 0, 0, 0, 0, 0]', 52),
(53, 0, 53, '[0, 5300, 5300, 5300, 5300, 1, 0, 0, 0, 0, 0]', 53),
(54, 0, 54, '[0, 5400, 5400, 5400, 5400, 1, 0, 0, 0, 0, 0]', 54),
(55, 0, 55, '[0, 5500, 5500, 5500, 5500, 1, 0, 0, 0, 0, 0]', 55),
(56, 0, 56, '[0, 5600, 5600, 5600, 5600, 1, 0, 0, 0, 0, 0]', 56),
(57, 0, 57, '[0, 5700, 5700, 5700, 5700, 1, 0, 0, 0, 0, 0]', 57),
(58, 0, 58, '[0, 5800, 5800, 5800, 5800, 1, 0, 0, 0, 0, 0]', 58),
(59, 0, 59, '[0, 5900, 5900, 5900, 5900, 1, 0, 0, 0, 0, 0]', 59),
(60, 0, 60, '[0, 6000, 6000, 6000, 6000, 1, 0, 0, 0, 0, 0]', 60),
(61, 0, 61, '[0, 6100, 6100, 6100, 6100, 1, 0, 0, 0, 0, 0]', 61),
(62, 0, 62, '[0, 6200, 6200, 6200, 6200, 1, 0, 0, 0, 0, 0]', 62),
(63, 0, 63, '[0, 6300, 6300, 6300, 6300, 1, 0, 0, 0, 0, 0]', 63),
(64, 0, 64, '[0, 6400, 6400, 6400, 6400, 1, 0, 0, 0, 0, 0]', 64),
(65, 0, 65, '[0, 6500, 6500, 6500, 6500, 1, 0, 0, 0, 0, 0]', 65),
(66, 0, 66, '[0, 6600, 6600, 6600, 6600, 1, 0, 0, 0, 0, 0]', 66),
(67, 0, 67, '[0, 6700, 6700, 6700, 6700, 1, 0, 0, 0, 0, 0]', 67),
(68, 0, 68, '[0, 6800, 6800, 6800, 6800, 1, 0, 0, 0, 0, 0]', 68),
(69, 0, 69, '[0, 6900, 6900, 6900, 6900, 1, 0, 0, 0, 0, 0]', 69),
(70, 0, 70, '[0, 7000, 7000, 7000, 7000, 1, 0, 0, 0, 0, 0]', 70),
(71, 0, 71, '[0, 7100, 7100, 7100, 7100, 1, 0, 0, 0, 0, 0]', 71),
(72, 0, 72, '[0, 7200, 7200, 7200, 7200, 1, 0, 0, 0, 0, 0]', 72),
(73, 0, 73, '[0, 7300, 7300, 7300, 7300, 1, 0, 0, 0, 0, 0]', 73),
(74, 0, 74, '[0, 7400, 7400, 7400, 7400, 1, 0, 0, 0, 0, 0]', 74),
(75, 0, 75, '[0, 7500, 7500, 7500, 7500, 1, 0, 0, 0, 0, 0]', 75),
(76, 0, 76, '[0, 7600, 7600, 7600, 7600, 1, 0, 0, 0, 0, 0]', 76),
(77, 0, 77, '[0, 7700, 7700, 7700, 7700, 1, 0, 0, 0, 0, 0]', 77),
(78, 0, 78, '[0, 7800, 7800, 7800, 7800, 1, 0, 0, 0, 0, 0]', 78),
(79, 0, 79, '[0, 7900, 7900, 7900, 7900, 1, 0, 0, 0, 0, 0]', 79),
(80, 0, 80, '[0, 8000, 8000, 8000, 8000, 1, 0, 0, 0, 0, 0]', 80),
(81, 0, 81, '[0, 8100, 8100, 8100, 8100, 1, 0, 0, 0, 0, 0]', 81),
(82, 0, 82, '[0, 8200, 8200, 8200, 8200, 1, 0, 0, 0, 0, 0]', 82),
(83, 0, 83, '[0, 8300, 8300, 8300, 8300, 1, 0, 0, 0, 0, 0]', 83),
(84, 0, 84, '[0, 8400, 8400, 8400, 8400, 1, 0, 0, 0, 0, 0]', 84),
(85, 0, 85, '[0, 8500, 8500, 8500, 8500, 1, 0, 0, 0, 0, 0]', 85),
(86, 0, 86, '[0, 8600, 8600, 8600, 8600, 1, 0, 0, 0, 0, 0]', 86),
(87, 0, 87, '[0, 8700, 8700, 8700, 8700, 1, 0, 0, 0, 0, 0]', 87),
(88, 0, 88, '[0, 8800, 8800, 8800, 8800, 1, 0, 0, 0, 0, 0]', 88),
(89, 0, 89, '[0, 8900, 8900, 8900, 8900, 1, 0, 0, 0, 0, 0]', 89),
(90, 0, 90, '[0, 9000, 9000, 9000, 9000, 1, 0, 0, 0, 0, 0]', 90),
(91, 0, 91, '[0, 9100, 9100, 9100, 9100, 1, 0, 0, 0, 0, 0]', 91),
(92, 0, 92, '[0, 9200, 9200, 9200, 9200, 1, 0, 0, 0, 0, 0]', 92),
(93, 0, 93, '[0, 9300, 9300, 9300, 9300, 1, 0, 0, 0, 0, 0]', 93),
(94, 0, 94, '[0, 9400, 9400, 9400, 9400, 1, 0, 0, 0, 0, 0]', 94),
(95, 0, 95, '[0, 9500, 9500, 9500, 9500, 1, 0, 0, 0, 0, 0]', 95),
(96, 0, 96, '[0, 9600, 9600, 9600, 9600, 1, 0, 0, 0, 0, 0]', 96),
(97, 0, 97, '[0, 9700, 9700, 9700, 9700, 1, 0, 0, 0, 0, 0]', 97),
(98, 0, 98, '[0, 9800, 9800, 9800, 9800, 1, 0, 0, 0, 0, 0]', 98),
(99, 0, 99, '[0, 9900, 9900, 9900, 9900, 1, 0, 0, 0, 0, 0]', 99),
(100, 0, 100, '[0, 10000, 10000, 10000, 10000, 1, 0, 0, 0, 0, 0]', 100),
(16777217, 1, 1, '[0, 100, 100, 100, 100, 1, 0, 0, 0, 0, 0]', 1),
(16777218, 1, 2, '[0, 200, 200, 200, 200, 1, 0, 0, 0, 0, 0]', 2),
(16777219, 1, 3, '[0, 300, 300, 300, 300, 1, 0, 0, 0, 0, 0]', 3),
(16777220, 1, 4, '[0, 400, 400, 400, 400, 1, 0, 0, 0, 0, 0]', 4),
(16777221, 1, 5, '[0, 500, 500, 500, 500, 1, 0, 0, 0, 0, 0]', 5),
(16777222, 1, 6, '[0, 600, 600, 600, 600, 1, 0, 0, 0, 0, 0]', 6),
(16777223, 1, 7, '[0, 700, 700, 700, 700, 1, 0, 0, 0, 0, 0]', 7),
(16777224, 1, 8, '[0, 800, 800, 800, 800, 1, 0, 0, 0, 0, 0]', 8),
(16777225, 1, 9, '[0, 900, 900, 900, 900, 1, 0, 0, 0, 0, 0]', 9),
(16777226, 1, 10, '[0, 1000, 1000, 1000, 1000, 1, 0, 0, 0, 0, 0]', 10),
(16777227, 1, 11, '[0, 1100, 1100, 1100, 1100, 1, 0, 0, 0, 0, 0]', 11),
(16777228, 1, 12, '[0, 1200, 1200, 1200, 1200, 1, 0, 0, 0, 0, 0]', 12),
(16777229, 1, 13, '[0, 1300, 1300, 1300, 1300, 1, 0, 0, 0, 0, 0]', 13),
(16777230, 1, 14, '[0, 1400, 1400, 1400, 1400, 1, 0, 0, 0, 0, 0]', 14),
(16777231, 1, 15, '[0, 1500, 1500, 1500, 1500, 1, 0, 0, 0, 0, 0]', 15),
(16777232, 1, 16, '[0, 1600, 1600, 1600, 1600, 1, 0, 0, 0, 0, 0]', 16),
(16777233, 1, 17, '[0, 1700, 1700, 1700, 1700, 1, 0, 0, 0, 0, 0]', 17),
(16777234, 1, 18, '[0, 1800, 1800, 1800, 1800, 1, 0, 0, 0, 0, 0]', 18),
(16777235, 1, 19, '[0, 1900, 1900, 1900, 1900, 1, 0, 0, 0, 0, 0]', 19),
(16777236, 1, 20, '[0, 2000, 2000, 2000, 2000, 1, 0, 0, 0, 0, 0]', 20),
(16777237, 1, 21, '[0, 2100, 2100, 2100, 2100, 1, 0, 0, 0, 0, 0]', 21),
(16777238, 1, 22, '[0, 2200, 2200, 2200, 2200, 1, 0, 0, 0, 0, 0]', 22),
(16777239, 1, 23, '[0, 2300, 2300, 2300, 2300, 1, 0, 0, 0, 0, 0]', 23),
(16777240, 1, 24, '[0, 2400, 2400, 2400, 2400, 1, 0, 0, 0, 0, 0]', 24),
(16777241, 1, 25, '[0, 2500, 2500, 2500, 2500, 1, 0, 0, 0, 0, 0]', 25),
(16777242, 1, 26, '[0, 2600, 2600, 2600, 2600, 1, 0, 0, 0, 0, 0]', 26),
(16777243, 1, 27, '[0, 2700, 2700, 2700, 2700, 1, 0, 0, 0, 0, 0]', 27),
(16777244, 1, 28, '[0, 2800, 2800, 2800, 2800, 1, 0, 0, 0, 0, 0]', 28),
(16777245, 1, 29, '[0, 2900, 2900, 2900, 2900, 1, 0, 0, 0, 0, 0]', 29),
(16777246, 1, 30, '[0, 3000, 3000, 3000, 3000, 1, 0, 0, 0, 0, 0]', 30),
(16777247, 1, 31, '[0, 3100, 3100, 3100, 3100, 1, 0, 0, 0, 0, 0]', 31),
(16777248, 1, 32, '[0, 3200, 3200, 3200, 3200, 1, 0, 0, 0, 0, 0]', 32),
(16777249, 1, 33, '[0, 3300, 3300, 3300, 3300, 1, 0, 0, 0, 0, 0]', 33),
(16777250, 1, 34, '[0, 3400, 3400, 3400, 3400, 1, 0, 0, 0, 0, 0]', 34),
(16777251, 1, 35, '[0, 3500, 3500, 3500, 3500, 1, 0, 0, 0, 0, 0]', 35),
(16777252, 1, 36, '[0, 3600, 3600, 3600, 3600, 1, 0, 0, 0, 0, 0]', 36),
(16777253, 1, 37, '[0, 3700, 3700, 3700, 3700, 1, 0, 0, 0, 0, 0]', 37),
(16777254, 1, 38, '[0, 3800, 3800, 3800, 3800, 1, 0, 0, 0, 0, 0]', 38),
(16777255, 1, 39, '[0, 3900, 3900, 3900, 3900, 1, 0, 0, 0, 0, 0]', 39),
(16777256, 1, 40, '[0, 4000, 4000, 4000, 4000, 1, 0, 0, 0, 0, 0]', 40),
(16777257, 1, 41, '[0, 4100, 4100, 4100, 4100, 1, 0, 0, 0, 0, 0]', 41),
(16777258, 1, 42, '[0, 4200, 4200, 4200, 4200, 1, 0, 0, 0, 0, 0]', 42),
(16777259, 1, 43, '[0, 4300, 4300, 4300, 4300, 1, 0, 0, 0, 0, 0]', 43),
(16777260, 1, 44, '[0, 4400, 4400, 4400, 4400, 1, 0, 0, 0, 0, 0]', 44),
(16777261, 1, 45, '[0, 4500, 4500, 4500, 4500, 1, 0, 0, 0, 0, 0]', 45),
(16777262, 1, 46, '[0, 4600, 4600, 4600, 4600, 1, 0, 0, 0, 0, 0]', 46),
(16777263, 1, 47, '[0, 4700, 4700, 4700, 4700, 1, 0, 0, 0, 0, 0]', 47),
(16777264, 1, 48, '[0, 4800, 4800, 4800, 4800, 1, 0, 0, 0, 0, 0]', 48),
(16777265, 1, 49, '[0, 4900, 4900, 4900, 4900, 1, 0, 0, 0, 0, 0]', 49),
(16777266, 1, 50, '[0, 5000, 5000, 5000, 5000, 1, 0, 0, 0, 0, 0]', 50),
(16777267, 1, 51, '[0, 5100, 5100, 5100, 5100, 1, 0, 0, 0, 0, 0]', 51),
(16777268, 1, 52, '[0, 5200, 5200, 5200, 5200, 1, 0, 0, 0, 0, 0]', 52),
(16777269, 1, 53, '[0, 5300, 5300, 5300, 5300, 1, 0, 0, 0, 0, 0]', 53),
(16777270, 1, 54, '[0, 5400, 5400, 5400, 5400, 1, 0, 0, 0, 0, 0]', 54),
(16777271, 1, 55, '[0, 5500, 5500, 5500, 5500, 1, 0, 0, 0, 0, 0]', 55),
(16777272, 1, 56, '[0, 5600, 5600, 5600, 5600, 1, 0, 0, 0, 0, 0]', 56),
(16777273, 1, 57, '[0, 5700, 5700, 5700, 5700, 1, 0, 0, 0, 0, 0]', 57),
(16777274, 1, 58, '[0, 5800, 5800, 5800, 5800, 1, 0, 0, 0, 0, 0]', 58),
(16777275, 1, 59, '[0, 5900, 5900, 5900, 5900, 1, 0, 0, 0, 0, 0]', 59),
(16777276, 1, 60, '[0, 6000, 6000, 6000, 6000, 1, 0, 0, 0, 0, 0]', 60),
(16777277, 1, 61, '[0, 6100, 6100, 6100, 6100, 1, 0, 0, 0, 0, 0]', 61),
(16777278, 1, 62, '[0, 6200, 6200, 6200, 6200, 1, 0, 0, 0, 0, 0]', 62),
(16777279, 1, 63, '[0, 6300, 6300, 6300, 6300, 1, 0, 0, 0, 0, 0]', 63),
(16777280, 1, 64, '[0, 6400, 6400, 6400, 6400, 1, 0, 0, 0, 0, 0]', 64),
(16777281, 1, 65, '[0, 6500, 6500, 6500, 6500, 1, 0, 0, 0, 0, 0]', 65),
(16777282, 1, 66, '[0, 6600, 6600, 6600, 6600, 1, 0, 0, 0, 0, 0]', 66),
(16777283, 1, 67, '[0, 6700, 6700, 6700, 6700, 1, 0, 0, 0, 0, 0]', 67),
(16777284, 1, 68, '[0, 6800, 6800, 6800, 6800, 1, 0, 0, 0, 0, 0]', 68),
(16777285, 1, 69, '[0, 6900, 6900, 6900, 6900, 1, 0, 0, 0, 0, 0]', 69),
(16777286, 1, 70, '[0, 7000, 7000, 7000, 7000, 1, 0, 0, 0, 0, 0]', 70),
(16777287, 1, 71, '[0, 7100, 7100, 7100, 7100, 1, 0, 0, 0, 0, 0]', 71),
(16777288, 1, 72, '[0, 7200, 7200, 7200, 7200, 1, 0, 0, 0, 0, 0]', 72),
(16777289, 1, 73, '[0, 7300, 7300, 7300, 7300, 1, 0, 0, 0, 0, 0]', 73),
(16777290, 1, 74, '[0, 7400, 7400, 7400, 7400, 1, 0, 0, 0, 0, 0]', 74),
(16777291, 1, 75, '[0, 7500, 7500, 7500, 7500, 1, 0, 0, 0, 0, 0]', 75),
(16777292, 1, 76, '[0, 7600, 7600, 7600, 7600, 1, 0, 0, 0, 0, 0]', 76),
(16777293, 1, 77, '[0, 7700, 7700, 7700, 7700, 1, 0, 0, 0, 0, 0]', 77),
(16777294, 1, 78, '[0, 7800, 7800, 7800, 7800, 1, 0, 0, 0, 0, 0]', 78),
(16777295, 1, 79, '[0, 7900, 7900, 7900, 7900, 1, 0, 0, 0, 0, 0]', 79),
(16777296, 1, 80, '[0, 8000, 8000, 8000, 8000, 1, 0, 0, 0, 0, 0]', 80),
(16777297, 1, 81, '[0, 8100, 8100, 8100, 8100, 1, 0, 0, 0, 0, 0]', 81),
(16777298, 1, 82, '[0, 8200, 8200, 8200, 8200, 1, 0, 0, 0, 0, 0]', 82),
(16777299, 1, 83, '[0, 8300, 8300, 8300, 8300, 1, 0, 0, 0, 0, 0]', 83),
(16777300, 1, 84, '[0, 8400, 8400, 8400, 8400, 1, 0, 0, 0, 0, 0]', 84),
(16777301, 1, 85, '[0, 8500, 8500, 8500, 8500, 1, 0, 0, 0, 0, 0]', 85),
(16777302, 1, 86, '[0, 8600, 8600, 8600, 8600, 1, 0, 0, 0, 0, 0]', 86),
(16777303, 1, 87, '[0, 8700, 8700, 8700, 8700, 1, 0, 0, 0, 0, 0]', 87),
(16777304, 1, 88, '[0, 8800, 8800, 8800, 8800, 1, 0, 0, 0, 0, 0]', 88),
(16777305, 1, 89, '[0, 8900, 8900, 8900, 8900, 1, 0, 0, 0, 0, 0]', 89),
(16777306, 1, 90, '[0, 9000, 9000, 9000, 9000, 1, 0, 0, 0, 0, 0]', 90),
(16777307, 1, 91, '[0, 9100, 9100, 9100, 9100, 1, 0, 0, 0, 0, 0]', 91),
(16777308, 1, 92, '[0, 9200, 9200, 9200, 9200, 1, 0, 0, 0, 0, 0]', 92),
(16777309, 1, 93, '[0, 9300, 9300, 9300, 9300, 1, 0, 0, 0, 0, 0]', 93),
(16777310, 1, 94, '[0, 9400, 9400, 9400, 9400, 1, 0, 0, 0, 0, 0]', 94),
(16777311, 1, 95, '[0, 9500, 9500, 9500, 9500, 1, 0, 0, 0, 0, 0]', 95),
(16777312, 1, 96, '[0, 9600, 9600, 9600, 9600, 1, 0, 0, 0, 0, 0]', 96),
(16777313, 1, 97, '[0, 9700, 9700, 9700, 9700, 1, 0, 0, 0, 0, 0]', 97),
(16777314, 1, 98, '[0, 9800, 9800, 9800, 9800, 1, 0, 0, 0, 0, 0]', 98),
(16777315, 1, 99, '[0, 9900, 9900, 9900, 9900, 1, 0, 0, 0, 0, 0]', 99),
(16777316, 1, 100, '[0, 10000, 10000, 10000, 10000, 1, 0, 0, 0, 0, 0]', 100),
(33554433, 2, 1, '[0, 100, 100, 100, 100, 1, 0, 0, 0, 0, 0]', 1),
(33554434, 2, 2, '[0, 200, 200, 200, 200, 1, 0, 0, 0, 0, 0]', 2),
(33554435, 2, 3, '[0, 300, 300, 300, 300, 1, 0, 0, 0, 0, 0]', 3),
(33554436, 2, 4, '[0, 400, 400, 400, 400, 1, 0, 0, 0, 0, 0]', 4),
(33554437, 2, 5, '[0, 500, 500, 500, 500, 1, 0, 0, 0, 0, 0]', 5),
(33554438, 2, 6, '[0, 600, 600, 600, 600, 1, 0, 0, 0, 0, 0]', 6),
(33554439, 2, 7, '[0, 700, 700, 700, 700, 1, 0, 0, 0, 0, 0]', 7),
(33554440, 2, 8, '[0, 800, 800, 800, 800, 1, 0, 0, 0, 0, 0]', 8),
(33554441, 2, 9, '[0, 900, 900, 900, 900, 1, 0, 0, 0, 0, 0]', 9),
(33554442, 2, 10, '[0, 1000, 1000, 1000, 1000, 1, 0, 0, 0, 0, 0]', 10),
(33554443, 2, 11, '[0, 1100, 1100, 1100, 1100, 1, 0, 0, 0, 0, 0]', 11),
(33554444, 2, 12, '[0, 1200, 1200, 1200, 1200, 1, 0, 0, 0, 0, 0]', 12),
(33554445, 2, 13, '[0, 1300, 1300, 1300, 1300, 1, 0, 0, 0, 0, 0]', 13),
(33554446, 2, 14, '[0, 1400, 1400, 1400, 1400, 1, 0, 0, 0, 0, 0]', 14),
(33554447, 2, 15, '[0, 1500, 1500, 1500, 1500, 1, 0, 0, 0, 0, 0]', 15),
(33554448, 2, 16, '[0, 1600, 1600, 1600, 1600, 1, 0, 0, 0, 0, 0]', 16),
(33554449, 2, 17, '[0, 1700, 1700, 1700, 1700, 1, 0, 0, 0, 0, 0]', 17),
(33554450, 2, 18, '[0, 1800, 1800, 1800, 1800, 1, 0, 0, 0, 0, 0]', 18),
(33554451, 2, 19, '[0, 1900, 1900, 1900, 1900, 1, 0, 0, 0, 0, 0]', 19),
(33554452, 2, 20, '[0, 2000, 2000, 2000, 2000, 1, 0, 0, 0, 0, 0]', 20),
(33554453, 2, 21, '[0, 2100, 2100, 2100, 2100, 1, 0, 0, 0, 0, 0]', 21),
(33554454, 2, 22, '[0, 2200, 2200, 2200, 2200, 1, 0, 0, 0, 0, 0]', 22),
(33554455, 2, 23, '[0, 2300, 2300, 2300, 2300, 1, 0, 0, 0, 0, 0]', 23),
(33554456, 2, 24, '[0, 2400, 2400, 2400, 2400, 1, 0, 0, 0, 0, 0]', 24),
(33554457, 2, 25, '[0, 2500, 2500, 2500, 2500, 1, 0, 0, 0, 0, 0]', 25),
(33554458, 2, 26, '[0, 2600, 2600, 2600, 2600, 1, 0, 0, 0, 0, 0]', 26),
(33554459, 2, 27, '[0, 2700, 2700, 2700, 2700, 1, 0, 0, 0, 0, 0]', 27),
(33554460, 2, 28, '[0, 2800, 2800, 2800, 2800, 1, 0, 0, 0, 0, 0]', 28),
(33554461, 2, 29, '[0, 2900, 2900, 2900, 2900, 1, 0, 0, 0, 0, 0]', 29),
(33554462, 2, 30, '[0, 3000, 3000, 3000, 3000, 1, 0, 0, 0, 0, 0]', 30),
(33554463, 2, 31, '[0, 3100, 3100, 3100, 3100, 1, 0, 0, 0, 0, 0]', 31),
(33554464, 2, 32, '[0, 3200, 3200, 3200, 3200, 1, 0, 0, 0, 0, 0]', 32),
(33554465, 2, 33, '[0, 3300, 3300, 3300, 3300, 1, 0, 0, 0, 0, 0]', 33),
(33554466, 2, 34, '[0, 3400, 3400, 3400, 3400, 1, 0, 0, 0, 0, 0]', 34),
(33554467, 2, 35, '[0, 3500, 3500, 3500, 3500, 1, 0, 0, 0, 0, 0]', 35),
(33554468, 2, 36, '[0, 3600, 3600, 3600, 3600, 1, 0, 0, 0, 0, 0]', 36),
(33554469, 2, 37, '[0, 3700, 3700, 3700, 3700, 1, 0, 0, 0, 0, 0]', 37),
(33554470, 2, 38, '[0, 3800, 3800, 3800, 3800, 1, 0, 0, 0, 0, 0]', 38),
(33554471, 2, 39, '[0, 3900, 3900, 3900, 3900, 1, 0, 0, 0, 0, 0]', 39),
(33554472, 2, 40, '[0, 4000, 4000, 4000, 4000, 1, 0, 0, 0, 0, 0]', 40),
(33554473, 2, 41, '[0, 4100, 4100, 4100, 4100, 1, 0, 0, 0, 0, 0]', 41),
(33554474, 2, 42, '[0, 4200, 4200, 4200, 4200, 1, 0, 0, 0, 0, 0]', 42),
(33554475, 2, 43, '[0, 4300, 4300, 4300, 4300, 1, 0, 0, 0, 0, 0]', 43),
(33554476, 2, 44, '[0, 4400, 4400, 4400, 4400, 1, 0, 0, 0, 0, 0]', 44),
(33554477, 2, 45, '[0, 4500, 4500, 4500, 4500, 1, 0, 0, 0, 0, 0]', 45),
(33554478, 2, 46, '[0, 4600, 4600, 4600, 4600, 1, 0, 0, 0, 0, 0]', 46),
(33554479, 2, 47, '[0, 4700, 4700, 4700, 4700, 1, 0, 0, 0, 0, 0]', 47),
(33554480, 2, 48, '[0, 4800, 4800, 4800, 4800, 1, 0, 0, 0, 0, 0]', 48),
(33554481, 2, 49, '[0, 4900, 4900, 4900, 4900, 1, 0, 0, 0, 0, 0]', 49),
(33554482, 2, 50, '[0, 5000, 5000, 5000, 5000, 1, 0, 0, 0, 0, 0]', 50),
(33554483, 2, 51, '[0, 5100, 5100, 5100, 5100, 1, 0, 0, 0, 0, 0]', 51),
(33554484, 2, 52, '[0, 5200, 5200, 5200, 5200, 1, 0, 0, 0, 0, 0]', 52),
(33554485, 2, 53, '[0, 5300, 5300, 5300, 5300, 1, 0, 0, 0, 0, 0]', 53),
(33554486, 2, 54, '[0, 5400, 5400, 5400, 5400, 1, 0, 0, 0, 0, 0]', 54),
(33554487, 2, 55, '[0, 5500, 5500, 5500, 5500, 1, 0, 0, 0, 0, 0]', 55),
(33554488, 2, 56, '[0, 5600, 5600, 5600, 5600, 1, 0, 0, 0, 0, 0]', 56),
(33554489, 2, 57, '[0, 5700, 5700, 5700, 5700, 1, 0, 0, 0, 0, 0]', 57),
(33554490, 2, 58, '[0, 5800, 5800, 5800, 5800, 1, 0, 0, 0, 0, 0]', 58),
(33554491, 2, 59, '[0, 5900, 5900, 5900, 5900, 1, 0, 0, 0, 0, 0]', 59),
(33554492, 2, 60, '[0, 6000, 6000, 6000, 6000, 1, 0, 0, 0, 0, 0]', 60),
(33554493, 2, 61, '[0, 6100, 6100, 6100, 6100, 1, 0, 0, 0, 0, 0]', 61),
(33554494, 2, 62, '[0, 6200, 6200, 6200, 6200, 1, 0, 0, 0, 0, 0]', 62),
(33554495, 2, 63, '[0, 6300, 6300, 6300, 6300, 1, 0, 0, 0, 0, 0]', 63),
(33554496, 2, 64, '[0, 6400, 6400, 6400, 6400, 1, 0, 0, 0, 0, 0]', 64),
(33554497, 2, 65, '[0, 6500, 6500, 6500, 6500, 1, 0, 0, 0, 0, 0]', 65),
(33554498, 2, 66, '[0, 6600, 6600, 6600, 6600, 1, 0, 0, 0, 0, 0]', 66),
(33554499, 2, 67, '[0, 6700, 6700, 6700, 6700, 1, 0, 0, 0, 0, 0]', 67),
(33554500, 2, 68, '[0, 6800, 6800, 6800, 6800, 1, 0, 0, 0, 0, 0]', 68),
(33554501, 2, 69, '[0, 6900, 6900, 6900, 6900, 1, 0, 0, 0, 0, 0]', 69),
(33554502, 2, 70, '[0, 7000, 7000, 7000, 7000, 1, 0, 0, 0, 0, 0]', 70),
(33554503, 2, 71, '[0, 7100, 7100, 7100, 7100, 1, 0, 0, 0, 0, 0]', 71),
(33554504, 2, 72, '[0, 7200, 7200, 7200, 7200, 1, 0, 0, 0, 0, 0]', 72),
(33554505, 2, 73, '[0, 7300, 7300, 7300, 7300, 1, 0, 0, 0, 0, 0]', 73),
(33554506, 2, 74, '[0, 7400, 7400, 7400, 7400, 1, 0, 0, 0, 0, 0]', 74),
(33554507, 2, 75, '[0, 7500, 7500, 7500, 7500, 1, 0, 0, 0, 0, 0]', 75),
(33554508, 2, 76, '[0, 7600, 7600, 7600, 7600, 1, 0, 0, 0, 0, 0]', 76),
(33554509, 2, 77, '[0, 7700, 7700, 7700, 7700, 1, 0, 0, 0, 0, 0]', 77),
(33554510, 2, 78, '[0, 7800, 7800, 7800, 7800, 1, 0, 0, 0, 0, 0]', 78),
(33554511, 2, 79, '[0, 7900, 7900, 7900, 7900, 1, 0, 0, 0, 0, 0]', 79),
(33554512, 2, 80, '[0, 8000, 8000, 8000, 8000, 1, 0, 0, 0, 0, 0]', 80),
(33554513, 2, 81, '[0, 8100, 8100, 8100, 8100, 1, 0, 0, 0, 0, 0]', 81),
(33554514, 2, 82, '[0, 8200, 8200, 8200, 8200, 1, 0, 0, 0, 0, 0]', 82),
(33554515, 2, 83, '[0, 8300, 8300, 8300, 8300, 1, 0, 0, 0, 0, 0]', 83),
(33554516, 2, 84, '[0, 8400, 8400, 8400, 8400, 1, 0, 0, 0, 0, 0]', 84),
(33554517, 2, 85, '[0, 8500, 8500, 8500, 8500, 1, 0, 0, 0, 0, 0]', 85),
(33554518, 2, 86, '[0, 8600, 8600, 8600, 8600, 1, 0, 0, 0, 0, 0]', 86),
(33554519, 2, 87, '[0, 8700, 8700, 8700, 8700, 1, 0, 0, 0, 0, 0]', 87),
(33554520, 2, 88, '[0, 8800, 8800, 8800, 8800, 1, 0, 0, 0, 0, 0]', 88),
(33554521, 2, 89, '[0, 8900, 8900, 8900, 8900, 1, 0, 0, 0, 0, 0]', 89),
(33554522, 2, 90, '[0, 9000, 9000, 9000, 9000, 1, 0, 0, 0, 0, 0]', 90),
(33554523, 2, 91, '[0, 9100, 9100, 9100, 9100, 1, 0, 0, 0, 0, 0]', 91),
(33554524, 2, 92, '[0, 9200, 9200, 9200, 9200, 1, 0, 0, 0, 0, 0]', 92),
(33554525, 2, 93, '[0, 9300, 9300, 9300, 9300, 1, 0, 0, 0, 0, 0]', 93),
(33554526, 2, 94, '[0, 9400, 9400, 9400, 9400, 1, 0, 0, 0, 0, 0]', 94),
(33554527, 2, 95, '[0, 9500, 9500, 9500, 9500, 1, 0, 0, 0, 0, 0]', 95),
(33554528, 2, 96, '[0, 9600, 9600, 9600, 9600, 1, 0, 0, 0, 0, 0]', 96),
(33554529, 2, 97, '[0, 9700, 9700, 9700, 9700, 1, 0, 0, 0, 0, 0]', 97),
(33554530, 2, 98, '[0, 9800, 9800, 9800, 9800, 1, 0, 0, 0, 0, 0]', 98),
(33554531, 2, 99, '[0, 9900, 9900, 9900, 9900, 1, 0, 0, 0, 0, 0]', 99),
(33554532, 2, 100, '[0, 10000, 10000, 10000, 10000, 1, 0, 0, 0, 0, 0]', 100),
(50331649, 3, 1, '[0, 100, 100, 100, 100, 1, 0, 0, 0, 0, 0]', 1),
(50331650, 3, 2, '[0, 200, 200, 200, 200, 1, 0, 0, 0, 0, 0]', 2),
(50331651, 3, 3, '[0, 300, 300, 300, 300, 1, 0, 0, 0, 0, 0]', 3),
(50331652, 3, 4, '[0, 400, 400, 400, 400, 1, 0, 0, 0, 0, 0]', 4),
(50331653, 3, 5, '[0, 500, 500, 500, 500, 1, 0, 0, 0, 0, 0]', 5),
(50331654, 3, 6, '[0, 600, 600, 600, 600, 1, 0, 0, 0, 0, 0]', 6),
(50331655, 3, 7, '[0, 700, 700, 700, 700, 1, 0, 0, 0, 0, 0]', 7),
(50331656, 3, 8, '[0, 800, 800, 800, 800, 1, 0, 0, 0, 0, 0]', 8),
(50331657, 3, 9, '[0, 900, 900, 900, 900, 1, 0, 0, 0, 0, 0]', 9),
(50331658, 3, 10, '[0, 1000, 1000, 1000, 1000, 1, 0, 0, 0, 0, 0]', 10),
(50331659, 3, 11, '[0, 1100, 1100, 1100, 1100, 1, 0, 0, 0, 0, 0]', 11),
(50331660, 3, 12, '[0, 1200, 1200, 1200, 1200, 1, 0, 0, 0, 0, 0]', 12),
(50331661, 3, 13, '[0, 1300, 1300, 1300, 1300, 1, 0, 0, 0, 0, 0]', 13),
(50331662, 3, 14, '[0, 1400, 1400, 1400, 1400, 1, 0, 0, 0, 0, 0]', 14),
(50331663, 3, 15, '[0, 1500, 1500, 1500, 1500, 1, 0, 0, 0, 0, 0]', 15),
(50331664, 3, 16, '[0, 1600, 1600, 1600, 1600, 1, 0, 0, 0, 0, 0]', 16),
(50331665, 3, 17, '[0, 1700, 1700, 1700, 1700, 1, 0, 0, 0, 0, 0]', 17),
(50331666, 3, 18, '[0, 1800, 1800, 1800, 1800, 1, 0, 0, 0, 0, 0]', 18),
(50331667, 3, 19, '[0, 1900, 1900, 1900, 1900, 1, 0, 0, 0, 0, 0]', 19),
(50331668, 3, 20, '[0, 2000, 2000, 2000, 2000, 1, 0, 0, 0, 0, 0]', 20),
(50331669, 3, 21, '[0, 2100, 2100, 2100, 2100, 1, 0, 0, 0, 0, 0]', 21),
(50331670, 3, 22, '[0, 2200, 2200, 2200, 2200, 1, 0, 0, 0, 0, 0]', 22),
(50331671, 3, 23, '[0, 2300, 2300, 2300, 2300, 1, 0, 0, 0, 0, 0]', 23),
(50331672, 3, 24, '[0, 2400, 2400, 2400, 2400, 1, 0, 0, 0, 0, 0]', 24),
(50331673, 3, 25, '[0, 2500, 2500, 2500, 2500, 1, 0, 0, 0, 0, 0]', 25),
(50331674, 3, 26, '[0, 2600, 2600, 2600, 2600, 1, 0, 0, 0, 0, 0]', 26),
(50331675, 3, 27, '[0, 2700, 2700, 2700, 2700, 1, 0, 0, 0, 0, 0]', 27),
(50331676, 3, 28, '[0, 2800, 2800, 2800, 2800, 1, 0, 0, 0, 0, 0]', 28),
(50331677, 3, 29, '[0, 2900, 2900, 2900, 2900, 1, 0, 0, 0, 0, 0]', 29),
(50331678, 3, 30, '[0, 3000, 3000, 3000, 3000, 1, 0, 0, 0, 0, 0]', 30),
(50331679, 3, 31, '[0, 3100, 3100, 3100, 3100, 1, 0, 0, 0, 0, 0]', 31),
(50331680, 3, 32, '[0, 3200, 3200, 3200, 3200, 1, 0, 0, 0, 0, 0]', 32),
(50331681, 3, 33, '[0, 3300, 3300, 3300, 3300, 1, 0, 0, 0, 0, 0]', 33),
(50331682, 3, 34, '[0, 3400, 3400, 3400, 3400, 1, 0, 0, 0, 0, 0]', 34),
(50331683, 3, 35, '[0, 3500, 3500, 3500, 3500, 1, 0, 0, 0, 0, 0]', 35),
(50331684, 3, 36, '[0, 3600, 3600, 3600, 3600, 1, 0, 0, 0, 0, 0]', 36),
(50331685, 3, 37, '[0, 3700, 3700, 3700, 3700, 1, 0, 0, 0, 0, 0]', 37),
(50331686, 3, 38, '[0, 3800, 3800, 3800, 3800, 1, 0, 0, 0, 0, 0]', 38),
(50331687, 3, 39, '[0, 3900, 3900, 3900, 3900, 1, 0, 0, 0, 0, 0]', 39),
(50331688, 3, 40, '[0, 4000, 4000, 4000, 4000, 1, 0, 0, 0, 0, 0]', 40),
(50331689, 3, 41, '[0, 4100, 4100, 4100, 4100, 1, 0, 0, 0, 0, 0]', 41),
(50331690, 3, 42, '[0, 4200, 4200, 4200, 4200, 1, 0, 0, 0, 0, 0]', 42),
(50331691, 3, 43, '[0, 4300, 4300, 4300, 4300, 1, 0, 0, 0, 0, 0]', 43),
(50331692, 3, 44, '[0, 4400, 4400, 4400, 4400, 1, 0, 0, 0, 0, 0]', 44),
(50331693, 3, 45, '[0, 4500, 4500, 4500, 4500, 1, 0, 0, 0, 0, 0]', 45),
(50331694, 3, 46, '[0, 4600, 4600, 4600, 4600, 1, 0, 0, 0, 0, 0]', 46),
(50331695, 3, 47, '[0, 4700, 4700, 4700, 4700, 1, 0, 0, 0, 0, 0]', 47),
(50331696, 3, 48, '[0, 4800, 4800, 4800, 4800, 1, 0, 0, 0, 0, 0]', 48),
(50331697, 3, 49, '[0, 4900, 4900, 4900, 4900, 1, 0, 0, 0, 0, 0]', 49),
(50331698, 3, 50, '[0, 5000, 5000, 5000, 5000, 1, 0, 0, 0, 0, 0]', 50),
(50331699, 3, 51, '[0, 5100, 5100, 5100, 5100, 1, 0, 0, 0, 0, 0]', 51),
(50331700, 3, 52, '[0, 5200, 5200, 5200, 5200, 1, 0, 0, 0, 0, 0]', 52),
(50331701, 3, 53, '[0, 5300, 5300, 5300, 5300, 1, 0, 0, 0, 0, 0]', 53),
(50331702, 3, 54, '[0, 5400, 5400, 5400, 5400, 1, 0, 0, 0, 0, 0]', 54),
(50331703, 3, 55, '[0, 5500, 5500, 5500, 5500, 1, 0, 0, 0, 0, 0]', 55),
(50331704, 3, 56, '[0, 5600, 5600, 5600, 5600, 1, 0, 0, 0, 0, 0]', 56),
(50331705, 3, 57, '[0, 5700, 5700, 5700, 5700, 1, 0, 0, 0, 0, 0]', 57),
(50331706, 3, 58, '[0, 5800, 5800, 5800, 5800, 1, 0, 0, 0, 0, 0]', 58),
(50331707, 3, 59, '[0, 5900, 5900, 5900, 5900, 1, 0, 0, 0, 0, 0]', 59),
(50331708, 3, 60, '[0, 6000, 6000, 6000, 6000, 1, 0, 0, 0, 0, 0]', 60),
(50331709, 3, 61, '[0, 6100, 6100, 6100, 6100, 1, 0, 0, 0, 0, 0]', 61),
(50331710, 3, 62, '[0, 6200, 6200, 6200, 6200, 1, 0, 0, 0, 0, 0]', 62),
(50331711, 3, 63, '[0, 6300, 6300, 6300, 6300, 1, 0, 0, 0, 0, 0]', 63),
(50331712, 3, 64, '[0, 6400, 6400, 6400, 6400, 1, 0, 0, 0, 0, 0]', 64),
(50331713, 3, 65, '[0, 6500, 6500, 6500, 6500, 1, 0, 0, 0, 0, 0]', 65),
(50331714, 3, 66, '[0, 6600, 6600, 6600, 6600, 1, 0, 0, 0, 0, 0]', 66),
(50331715, 3, 67, '[0, 6700, 6700, 6700, 6700, 1, 0, 0, 0, 0, 0]', 67),
(50331716, 3, 68, '[0, 6800, 6800, 6800, 6800, 1, 0, 0, 0, 0, 0]', 68),
(50331717, 3, 69, '[0, 6900, 6900, 6900, 6900, 1, 0, 0, 0, 0, 0]', 69),
(50331718, 3, 70, '[0, 7000, 7000, 7000, 7000, 1, 0, 0, 0, 0, 0]', 70),
(50331719, 3, 71, '[0, 7100, 7100, 7100, 7100, 1, 0, 0, 0, 0, 0]', 71),
(50331720, 3, 72, '[0, 7200, 7200, 7200, 7200, 1, 0, 0, 0, 0, 0]', 72),
(50331721, 3, 73, '[0, 7300, 7300, 7300, 7300, 1, 0, 0, 0, 0, 0]', 73),
(50331722, 3, 74, '[0, 7400, 7400, 7400, 7400, 1, 0, 0, 0, 0, 0]', 74),
(50331723, 3, 75, '[0, 7500, 7500, 7500, 7500, 1, 0, 0, 0, 0, 0]', 75),
(50331724, 3, 76, '[0, 7600, 7600, 7600, 7600, 1, 0, 0, 0, 0, 0]', 76),
(50331725, 3, 77, '[0, 7700, 7700, 7700, 7700, 1, 0, 0, 0, 0, 0]', 77),
(50331726, 3, 78, '[0, 7800, 7800, 7800, 7800, 1, 0, 0, 0, 0, 0]', 78),
(50331727, 3, 79, '[0, 7900, 7900, 7900, 7900, 1, 0, 0, 0, 0, 0]', 79),
(50331728, 3, 80, '[0, 8000, 8000, 8000, 8000, 1, 0, 0, 0, 0, 0]', 80),
(50331729, 3, 81, '[0, 8100, 8100, 8100, 8100, 1, 0, 0, 0, 0, 0]', 81),
(50331730, 3, 82, '[0, 8200, 8200, 8200, 8200, 1, 0, 0, 0, 0, 0]', 82),
(50331731, 3, 83, '[0, 8300, 8300, 8300, 8300, 1, 0, 0, 0, 0, 0]', 83),
(50331732, 3, 84, '[0, 8400, 8400, 8400, 8400, 1, 0, 0, 0, 0, 0]', 84),
(50331733, 3, 85, '[0, 8500, 8500, 8500, 8500, 1, 0, 0, 0, 0, 0]', 85),
(50331734, 3, 86, '[0, 8600, 8600, 8600, 8600, 1, 0, 0, 0, 0, 0]', 86),
(50331735, 3, 87, '[0, 8700, 8700, 8700, 8700, 1, 0, 0, 0, 0, 0]', 87),
(50331736, 3, 88, '[0, 8800, 8800, 8800, 8800, 1, 0, 0, 0, 0, 0]', 88),
(50331737, 3, 89, '[0, 8900, 8900, 8900, 8900, 1, 0, 0, 0, 0, 0]', 89),
(50331738, 3, 90, '[0, 9000, 9000, 9000, 9000, 1, 0, 0, 0, 0, 0]', 90),
(50331739, 3, 91, '[0, 9100, 9100, 9100, 9100, 1, 0, 0, 0, 0, 0]', 91),
(50331740, 3, 92, '[0, 9200, 9200, 9200, 9200, 1, 0, 0, 0, 0, 0]', 92),
(50331741, 3, 93, '[0, 9300, 9300, 9300, 9300, 1, 0, 0, 0, 0, 0]', 93),
(50331742, 3, 94, '[0, 9400, 9400, 9400, 9400, 1, 0, 0, 0, 0, 0]', 94),
(50331743, 3, 95, '[0, 9500, 9500, 9500, 9500, 1, 0, 0, 0, 0, 0]', 95),
(50331744, 3, 96, '[0, 9600, 9600, 9600, 9600, 1, 0, 0, 0, 0, 0]', 96),
(50331745, 3, 97, '[0, 9700, 9700, 9700, 9700, 1, 0, 0, 0, 0, 0]', 97),
(50331746, 3, 98, '[0, 9800, 9800, 9800, 9800, 1, 0, 0, 0, 0, 0]', 98),
(50331747, 3, 99, '[0, 9900, 9900, 9900, 9900, 1, 0, 0, 0, 0, 0]', 99),
(50331748, 3, 100, '[0, 10000, 10000, 10000, 10000, 1, 0, 0, 0, 0, 0]', 100),
(67108865, 4, 1, '[0, 100, 100, 100, 100, 1, 0, 0, 0, 0, 0]', 1),
(67108866, 4, 2, '[0, 200, 200, 200, 200, 1, 0, 0, 0, 0, 0]', 2),
(67108867, 4, 3, '[0, 300, 300, 300, 300, 1, 0, 0, 0, 0, 0]', 3),
(67108868, 4, 4, '[0, 400, 400, 400, 400, 1, 0, 0, 0, 0, 0]', 4),
(67108869, 4, 5, '[0, 500, 500, 500, 500, 1, 0, 0, 0, 0, 0]', 5),
(67108870, 4, 6, '[0, 600, 600, 600, 600, 1, 0, 0, 0, 0, 0]', 6),
(67108871, 4, 7, '[0, 700, 700, 700, 700, 1, 0, 0, 0, 0, 0]', 7),
(67108872, 4, 8, '[0, 800, 800, 800, 800, 1, 0, 0, 0, 0, 0]', 8),
(67108873, 4, 9, '[0, 900, 900, 900, 900, 1, 0, 0, 0, 0, 0]', 9),
(67108874, 4, 10, '[0, 1000, 1000, 1000, 1000, 1, 0, 0, 0, 0, 0]', 10),
(67108875, 4, 11, '[0, 1100, 1100, 1100, 1100, 1, 0, 0, 0, 0, 0]', 11),
(67108876, 4, 12, '[0, 1200, 1200, 1200, 1200, 1, 0, 0, 0, 0, 0]', 12),
(67108877, 4, 13, '[0, 1300, 1300, 1300, 1300, 1, 0, 0, 0, 0, 0]', 13),
(67108878, 4, 14, '[0, 1400, 1400, 1400, 1400, 1, 0, 0, 0, 0, 0]', 14),
(67108879, 4, 15, '[0, 1500, 1500, 1500, 1500, 1, 0, 0, 0, 0, 0]', 15),
(67108880, 4, 16, '[0, 1600, 1600, 1600, 1600, 1, 0, 0, 0, 0, 0]', 16),
(67108881, 4, 17, '[0, 1700, 1700, 1700, 1700, 1, 0, 0, 0, 0, 0]', 17),
(67108882, 4, 18, '[0, 1800, 1800, 1800, 1800, 1, 0, 0, 0, 0, 0]', 18),
(67108883, 4, 19, '[0, 1900, 1900, 1900, 1900, 1, 0, 0, 0, 0, 0]', 19),
(67108884, 4, 20, '[0, 2000, 2000, 2000, 2000, 1, 0, 0, 0, 0, 0]', 20),
(67108885, 4, 21, '[0, 2100, 2100, 2100, 2100, 1, 0, 0, 0, 0, 0]', 21),
(67108886, 4, 22, '[0, 2200, 2200, 2200, 2200, 1, 0, 0, 0, 0, 0]', 22),
(67108887, 4, 23, '[0, 2300, 2300, 2300, 2300, 1, 0, 0, 0, 0, 0]', 23),
(67108888, 4, 24, '[0, 2400, 2400, 2400, 2400, 1, 0, 0, 0, 0, 0]', 24),
(67108889, 4, 25, '[0, 2500, 2500, 2500, 2500, 1, 0, 0, 0, 0, 0]', 25),
(67108890, 4, 26, '[0, 2600, 2600, 2600, 2600, 1, 0, 0, 0, 0, 0]', 26),
(67108891, 4, 27, '[0, 2700, 2700, 2700, 2700, 1, 0, 0, 0, 0, 0]', 27),
(67108892, 4, 28, '[0, 2800, 2800, 2800, 2800, 1, 0, 0, 0, 0, 0]', 28),
(67108893, 4, 29, '[0, 2900, 2900, 2900, 2900, 1, 0, 0, 0, 0, 0]', 29),
(67108894, 4, 30, '[0, 3000, 3000, 3000, 3000, 1, 0, 0, 0, 0, 0]', 30),
(67108895, 4, 31, '[0, 3100, 3100, 3100, 3100, 1, 0, 0, 0, 0, 0]', 31),
(67108896, 4, 32, '[0, 3200, 3200, 3200, 3200, 1, 0, 0, 0, 0, 0]', 32),
(67108897, 4, 33, '[0, 3300, 3300, 3300, 3300, 1, 0, 0, 0, 0, 0]', 33),
(67108898, 4, 34, '[0, 3400, 3400, 3400, 3400, 1, 0, 0, 0, 0, 0]', 34),
(67108899, 4, 35, '[0, 3500, 3500, 3500, 3500, 1, 0, 0, 0, 0, 0]', 35),
(67108900, 4, 36, '[0, 3600, 3600, 3600, 3600, 1, 0, 0, 0, 0, 0]', 36),
(67108901, 4, 37, '[0, 3700, 3700, 3700, 3700, 1, 0, 0, 0, 0, 0]', 37),
(67108902, 4, 38, '[0, 3800, 3800, 3800, 3800, 1, 0, 0, 0, 0, 0]', 38),
(67108903, 4, 39, '[0, 3900, 3900, 3900, 3900, 1, 0, 0, 0, 0, 0]', 39),
(67108904, 4, 40, '[0, 4000, 4000, 4000, 4000, 1, 0, 0, 0, 0, 0]', 40),
(67108905, 4, 41, '[0, 4100, 4100, 4100, 4100, 1, 0, 0, 0, 0, 0]', 41),
(67108906, 4, 42, '[0, 4200, 4200, 4200, 4200, 1, 0, 0, 0, 0, 0]', 42),
(67108907, 4, 43, '[0, 4300, 4300, 4300, 4300, 1, 0, 0, 0, 0, 0]', 43),
(67108908, 4, 44, '[0, 4400, 4400, 4400, 4400, 1, 0, 0, 0, 0, 0]', 44),
(67108909, 4, 45, '[0, 4500, 4500, 4500, 4500, 1, 0, 0, 0, 0, 0]', 45),
(67108910, 4, 46, '[0, 4600, 4600, 4600, 4600, 1, 0, 0, 0, 0, 0]', 46),
(67108911, 4, 47, '[0, 4700, 4700, 4700, 4700, 1, 0, 0, 0, 0, 0]', 47),
(67108912, 4, 48, '[0, 4800, 4800, 4800, 4800, 1, 0, 0, 0, 0, 0]', 48),
(67108913, 4, 49, '[0, 4900, 4900, 4900, 4900, 1, 0, 0, 0, 0, 0]', 49),
(67108914, 4, 50, '[0, 5000, 5000, 5000, 5000, 1, 0, 0, 0, 0, 0]', 50),
(67108915, 4, 51, '[0, 5100, 5100, 5100, 5100, 1, 0, 0, 0, 0, 0]', 51),
(67108916, 4, 52, '[0, 5200, 5200, 5200, 5200, 1, 0, 0, 0, 0, 0]', 52),
(67108917, 4, 53, '[0, 5300, 5300, 5300, 5300, 1, 0, 0, 0, 0, 0]', 53),
(67108918, 4, 54, '[0, 5400, 5400, 5400, 5400, 1, 0, 0, 0, 0, 0]', 54),
(67108919, 4, 55, '[0, 5500, 5500, 5500, 5500, 1, 0, 0, 0, 0, 0]', 55),
(67108920, 4, 56, '[0, 5600, 5600, 5600, 5600, 1, 0, 0, 0, 0, 0]', 56),
(67108921, 4, 57, '[0, 5700, 5700, 5700, 5700, 1, 0, 0, 0, 0, 0]', 57),
(67108922, 4, 58, '[0, 5800, 5800, 5800, 5800, 1, 0, 0, 0, 0, 0]', 58),
(67108923, 4, 59, '[0, 5900, 5900, 5900, 5900, 1, 0, 0, 0, 0, 0]', 59),
(67108924, 4, 60, '[0, 6000, 6000, 6000, 6000, 1, 0, 0, 0, 0, 0]', 60),
(67108925, 4, 61, '[0, 6100, 6100, 6100, 6100, 1, 0, 0, 0, 0, 0]', 61),
(67108926, 4, 62, '[0, 6200, 6200, 6200, 6200, 1, 0, 0, 0, 0, 0]', 62),
(67108927, 4, 63, '[0, 6300, 6300, 6300, 6300, 1, 0, 0, 0, 0, 0]', 63),
(67108928, 4, 64, '[0, 6400, 6400, 6400, 6400, 1, 0, 0, 0, 0, 0]', 64),
(67108929, 4, 65, '[0, 6500, 6500, 6500, 6500, 1, 0, 0, 0, 0, 0]', 65),
(67108930, 4, 66, '[0, 6600, 6600, 6600, 6600, 1, 0, 0, 0, 0, 0]', 66),
(67108931, 4, 67, '[0, 6700, 6700, 6700, 6700, 1, 0, 0, 0, 0, 0]', 67),
(67108932, 4, 68, '[0, 6800, 6800, 6800, 6800, 1, 0, 0, 0, 0, 0]', 68),
(67108933, 4, 69, '[0, 6900, 6900, 6900, 6900, 1, 0, 0, 0, 0, 0]', 69),
(67108934, 4, 70, '[0, 7000, 7000, 7000, 7000, 1, 0, 0, 0, 0, 0]', 70),
(67108935, 4, 71, '[0, 7100, 7100, 7100, 7100, 1, 0, 0, 0, 0, 0]', 71),
(67108936, 4, 72, '[0, 7200, 7200, 7200, 7200, 1, 0, 0, 0, 0, 0]', 72),
(67108937, 4, 73, '[0, 7300, 7300, 7300, 7300, 1, 0, 0, 0, 0, 0]', 73),
(67108938, 4, 74, '[0, 7400, 7400, 7400, 7400, 1, 0, 0, 0, 0, 0]', 74),
(67108939, 4, 75, '[0, 7500, 7500, 7500, 7500, 1, 0, 0, 0, 0, 0]', 75),
(67108940, 4, 76, '[0, 7600, 7600, 7600, 7600, 1, 0, 0, 0, 0, 0]', 76),
(67108941, 4, 77, '[0, 7700, 7700, 7700, 7700, 1, 0, 0, 0, 0, 0]', 77),
(67108942, 4, 78, '[0, 7800, 7800, 7800, 7800, 1, 0, 0, 0, 0, 0]', 78),
(67108943, 4, 79, '[0, 7900, 7900, 7900, 7900, 1, 0, 0, 0, 0, 0]', 79),
(67108944, 4, 80, '[0, 8000, 8000, 8000, 8000, 1, 0, 0, 0, 0, 0]', 80),
(67108945, 4, 81, '[0, 8100, 8100, 8100, 8100, 1, 0, 0, 0, 0, 0]', 81),
(67108946, 4, 82, '[0, 8200, 8200, 8200, 8200, 1, 0, 0, 0, 0, 0]', 82),
(67108947, 4, 83, '[0, 8300, 8300, 8300, 8300, 1, 0, 0, 0, 0, 0]', 83),
(67108948, 4, 84, '[0, 8400, 8400, 8400, 8400, 1, 0, 0, 0, 0, 0]', 84),
(67108949, 4, 85, '[0, 8500, 8500, 8500, 8500, 1, 0, 0, 0, 0, 0]', 85),
(67108950, 4, 86, '[0, 8600, 8600, 8600, 8600, 1, 0, 0, 0, 0, 0]', 86),
(67108951, 4, 87, '[0, 8700, 8700, 8700, 8700, 1, 0, 0, 0, 0, 0]', 87),
(67108952, 4, 88, '[0, 8800, 8800, 8800, 8800, 1, 0, 0, 0, 0, 0]', 88),
(67108953, 4, 89, '[0, 8900, 8900, 8900, 8900, 1, 0, 0, 0, 0, 0]', 89),
(67108954, 4, 90, '[0, 9000, 9000, 9000, 9000, 1, 0, 0, 0, 0, 0]', 90),
(67108955, 4, 91, '[0, 9100, 9100, 9100, 9100, 1, 0, 0, 0, 0, 0]', 91),
(67108956, 4, 92, '[0, 9200, 9200, 9200, 9200, 1, 0, 0, 0, 0, 0]', 92),
(67108957, 4, 93, '[0, 9300, 9300, 9300, 9300, 1, 0, 0, 0, 0, 0]', 93),
(67108958, 4, 94, '[0, 9400, 9400, 9400, 9400, 1, 0, 0, 0, 0, 0]', 94),
(67108959, 4, 95, '[0, 9500, 9500, 9500, 9500, 1, 0, 0, 0, 0, 0]', 95),
(67108960, 4, 96, '[0, 9600, 9600, 9600, 9600, 1, 0, 0, 0, 0, 0]', 96),
(67108961, 4, 97, '[0, 9700, 9700, 9700, 9700, 1, 0, 0, 0, 0, 0]', 97),
(67108962, 4, 98, '[0, 9800, 9800, 9800, 9800, 1, 0, 0, 0, 0, 0]', 98),
(67108963, 4, 99, '[0, 9900, 9900, 9900, 9900, 1, 0, 0, 0, 0, 0]', 99),
(67108964, 4, 100, '[0, 10000, 10000, 10000, 10000, 1, 0, 0, 0, 0, 0]', 100),
(83886081, 5, 1, '[0, 100, 100, 100, 100, 1, 0, 0, 0, 0, 0]', 1),
(83886082, 5, 2, '[0, 200, 200, 200, 200, 1, 0, 0, 0, 0, 0]', 2),
(83886083, 5, 3, '[0, 300, 300, 300, 300, 1, 0, 0, 0, 0, 0]', 3),
(83886084, 5, 4, '[0, 400, 400, 400, 400, 1, 0, 0, 0, 0, 0]', 4),
(83886085, 5, 5, '[0, 500, 500, 500, 500, 1, 0, 0, 0, 0, 0]', 5),
(83886086, 5, 6, '[0, 600, 600, 600, 600, 1, 0, 0, 0, 0, 0]', 6),
(83886087, 5, 7, '[0, 700, 700, 700, 700, 1, 0, 0, 0, 0, 0]', 7),
(83886088, 5, 8, '[0, 800, 800, 800, 800, 1, 0, 0, 0, 0, 0]', 8),
(83886089, 5, 9, '[0, 900, 900, 900, 900, 1, 0, 0, 0, 0, 0]', 9),
(83886090, 5, 10, '[0, 1000, 1000, 1000, 1000, 1, 0, 0, 0, 0, 0]', 10),
(83886091, 5, 11, '[0, 1100, 1100, 1100, 1100, 1, 0, 0, 0, 0, 0]', 11),
(83886092, 5, 12, '[0, 1200, 1200, 1200, 1200, 1, 0, 0, 0, 0, 0]', 12),
(83886093, 5, 13, '[0, 1300, 1300, 1300, 1300, 1, 0, 0, 0, 0, 0]', 13),
(83886094, 5, 14, '[0, 1400, 1400, 1400, 1400, 1, 0, 0, 0, 0, 0]', 14),
(83886095, 5, 15, '[0, 1500, 1500, 1500, 1500, 1, 0, 0, 0, 0, 0]', 15),
(83886096, 5, 16, '[0, 1600, 1600, 1600, 1600, 1, 0, 0, 0, 0, 0]', 16),
(83886097, 5, 17, '[0, 1700, 1700, 1700, 1700, 1, 0, 0, 0, 0, 0]', 17),
(83886098, 5, 18, '[0, 1800, 1800, 1800, 1800, 1, 0, 0, 0, 0, 0]', 18),
(83886099, 5, 19, '[0, 1900, 1900, 1900, 1900, 1, 0, 0, 0, 0, 0]', 19),
(83886100, 5, 20, '[0, 2000, 2000, 2000, 2000, 1, 0, 0, 0, 0, 0]', 20),
(83886101, 5, 21, '[0, 2100, 2100, 2100, 2100, 1, 0, 0, 0, 0, 0]', 21),
(83886102, 5, 22, '[0, 2200, 2200, 2200, 2200, 1, 0, 0, 0, 0, 0]', 22),
(83886103, 5, 23, '[0, 2300, 2300, 2300, 2300, 1, 0, 0, 0, 0, 0]', 23),
(83886104, 5, 24, '[0, 2400, 2400, 2400, 2400, 1, 0, 0, 0, 0, 0]', 24),
(83886105, 5, 25, '[0, 2500, 2500, 2500, 2500, 1, 0, 0, 0, 0, 0]', 25),
(83886106, 5, 26, '[0, 2600, 2600, 2600, 2600, 1, 0, 0, 0, 0, 0]', 26),
(83886107, 5, 27, '[0, 2700, 2700, 2700, 2700, 1, 0, 0, 0, 0, 0]', 27),
(83886108, 5, 28, '[0, 2800, 2800, 2800, 2800, 1, 0, 0, 0, 0, 0]', 28),
(83886109, 5, 29, '[0, 2900, 2900, 2900, 2900, 1, 0, 0, 0, 0, 0]', 29),
(83886110, 5, 30, '[0, 3000, 3000, 3000, 3000, 1, 0, 0, 0, 0, 0]', 30),
(83886111, 5, 31, '[0, 3100, 3100, 3100, 3100, 1, 0, 0, 0, 0, 0]', 31),
(83886112, 5, 32, '[0, 3200, 3200, 3200, 3200, 1, 0, 0, 0, 0, 0]', 32),
(83886113, 5, 33, '[0, 3300, 3300, 3300, 3300, 1, 0, 0, 0, 0, 0]', 33),
(83886114, 5, 34, '[0, 3400, 3400, 3400, 3400, 1, 0, 0, 0, 0, 0]', 34),
(83886115, 5, 35, '[0, 3500, 3500, 3500, 3500, 1, 0, 0, 0, 0, 0]', 35),
(83886116, 5, 36, '[0, 3600, 3600, 3600, 3600, 1, 0, 0, 0, 0, 0]', 36),
(83886117, 5, 37, '[0, 3700, 3700, 3700, 3700, 1, 0, 0, 0, 0, 0]', 37),
(83886118, 5, 38, '[0, 3800, 3800, 3800, 3800, 1, 0, 0, 0, 0, 0]', 38),
(83886119, 5, 39, '[0, 3900, 3900, 3900, 3900, 1, 0, 0, 0, 0, 0]', 39),
(83886120, 5, 40, '[0, 4000, 4000, 4000, 4000, 1, 0, 0, 0, 0, 0]', 40),
(83886121, 5, 41, '[0, 4100, 4100, 4100, 4100, 1, 0, 0, 0, 0, 0]', 41),
(83886122, 5, 42, '[0, 4200, 4200, 4200, 4200, 1, 0, 0, 0, 0, 0]', 42),
(83886123, 5, 43, '[0, 4300, 4300, 4300, 4300, 1, 0, 0, 0, 0, 0]', 43),
(83886124, 5, 44, '[0, 4400, 4400, 4400, 4400, 1, 0, 0, 0, 0, 0]', 44),
(83886125, 5, 45, '[0, 4500, 4500, 4500, 4500, 1, 0, 0, 0, 0, 0]', 45),
(83886126, 5, 46, '[0, 4600, 4600, 4600, 4600, 1, 0, 0, 0, 0, 0]', 46),
(83886127, 5, 47, '[0, 4700, 4700, 4700, 4700, 1, 0, 0, 0, 0, 0]', 47),
(83886128, 5, 48, '[0, 4800, 4800, 4800, 4800, 1, 0, 0, 0, 0, 0]', 48),
(83886129, 5, 49, '[0, 4900, 4900, 4900, 4900, 1, 0, 0, 0, 0, 0]', 49),
(83886130, 5, 50, '[0, 5000, 5000, 5000, 5000, 1, 0, 0, 0, 0, 0]', 50),
(83886131, 5, 51, '[0, 5100, 5100, 5100, 5100, 1, 0, 0, 0, 0, 0]', 51),
(83886132, 5, 52, '[0, 5200, 5200, 5200, 5200, 1, 0, 0, 0, 0, 0]', 52),
(83886133, 5, 53, '[0, 5300, 5300, 5300, 5300, 1, 0, 0, 0, 0, 0]', 53),
(83886134, 5, 54, '[0, 5400, 5400, 5400, 5400, 1, 0, 0, 0, 0, 0]', 54),
(83886135, 5, 55, '[0, 5500, 5500, 5500, 5500, 1, 0, 0, 0, 0, 0]', 55),
(83886136, 5, 56, '[0, 5600, 5600, 5600, 5600, 1, 0, 0, 0, 0, 0]', 56),
(83886137, 5, 57, '[0, 5700, 5700, 5700, 5700, 1, 0, 0, 0, 0, 0]', 57),
(83886138, 5, 58, '[0, 5800, 5800, 5800, 5800, 1, 0, 0, 0, 0, 0]', 58),
(83886139, 5, 59, '[0, 5900, 5900, 5900, 5900, 1, 0, 0, 0, 0, 0]', 59),
(83886140, 5, 60, '[0, 6000, 6000, 6000, 6000, 1, 0, 0, 0, 0, 0]', 60),
(83886141, 5, 61, '[0, 6100, 6100, 6100, 6100, 1, 0, 0, 0, 0, 0]', 61),
(83886142, 5, 62, '[0, 6200, 6200, 6200, 6200, 1, 0, 0, 0, 0, 0]', 62),
(83886143, 5, 63, '[0, 6300, 6300, 6300, 6300, 1, 0, 0, 0, 0, 0]', 63),
(83886144, 5, 64, '[0, 6400, 6400, 6400, 6400, 1, 0, 0, 0, 0, 0]', 64),
(83886145, 5, 65, '[0, 6500, 6500, 6500, 6500, 1, 0, 0, 0, 0, 0]', 65),
(83886146, 5, 66, '[0, 6600, 6600, 6600, 6600, 1, 0, 0, 0, 0, 0]', 66),
(83886147, 5, 67, '[0, 6700, 6700, 6700, 6700, 1, 0, 0, 0, 0, 0]', 67),
(83886148, 5, 68, '[0, 6800, 6800, 6800, 6800, 1, 0, 0, 0, 0, 0]', 68),
(83886149, 5, 69, '[0, 6900, 6900, 6900, 6900, 1, 0, 0, 0, 0, 0]', 69),
(83886150, 5, 70, '[0, 7000, 7000, 7000, 7000, 1, 0, 0, 0, 0, 0]', 70),
(83886151, 5, 71, '[0, 7100, 7100, 7100, 7100, 1, 0, 0, 0, 0, 0]', 71),
(83886152, 5, 72, '[0, 7200, 7200, 7200, 7200, 1, 0, 0, 0, 0, 0]', 72),
(83886153, 5, 73, '[0, 7300, 7300, 7300, 7300, 1, 0, 0, 0, 0, 0]', 73),
(83886154, 5, 74, '[0, 7400, 7400, 7400, 7400, 1, 0, 0, 0, 0, 0]', 74),
(83886155, 5, 75, '[0, 7500, 7500, 7500, 7500, 1, 0, 0, 0, 0, 0]', 75),
(83886156, 5, 76, '[0, 7600, 7600, 7600, 7600, 1, 0, 0, 0, 0, 0]', 76),
(83886157, 5, 77, '[0, 7700, 7700, 7700, 7700, 1, 0, 0, 0, 0, 0]', 77),
(83886158, 5, 78, '[0, 7800, 7800, 7800, 7800, 1, 0, 0, 0, 0, 0]', 78),
(83886159, 5, 79, '[0, 7900, 7900, 7900, 7900, 1, 0, 0, 0, 0, 0]', 79),
(83886160, 5, 80, '[0, 8000, 8000, 8000, 8000, 1, 0, 0, 0, 0, 0]', 80),
(83886161, 5, 81, '[0, 8100, 8100, 8100, 8100, 1, 0, 0, 0, 0, 0]', 81),
(83886162, 5, 82, '[0, 8200, 8200, 8200, 8200, 1, 0, 0, 0, 0, 0]', 82),
(83886163, 5, 83, '[0, 8300, 8300, 8300, 8300, 1, 0, 0, 0, 0, 0]', 83),
(83886164, 5, 84, '[0, 8400, 8400, 8400, 8400, 1, 0, 0, 0, 0, 0]', 84),
(83886165, 5, 85, '[0, 8500, 8500, 8500, 8500, 1, 0, 0, 0, 0, 0]', 85),
(83886166, 5, 86, '[0, 8600, 8600, 8600, 8600, 1, 0, 0, 0, 0, 0]', 86),
(83886167, 5, 87, '[0, 8700, 8700, 8700, 8700, 1, 0, 0, 0, 0, 0]', 87),
(83886168, 5, 88, '[0, 8800, 8800, 8800, 8800, 1, 0, 0, 0, 0, 0]', 88),
(83886169, 5, 89, '[0, 8900, 8900, 8900, 8900, 1, 0, 0, 0, 0, 0]', 89),
(83886170, 5, 90, '[0, 9000, 9000, 9000, 9000, 1, 0, 0, 0, 0, 0]', 90),
(83886171, 5, 91, '[0, 9100, 9100, 9100, 9100, 1, 0, 0, 0, 0, 0]', 91),
(83886172, 5, 92, '[0, 9200, 9200, 9200, 9200, 1, 0, 0, 0, 0, 0]', 92),
(83886173, 5, 93, '[0, 9300, 9300, 9300, 9300, 1, 0, 0, 0, 0, 0]', 93),
(83886174, 5, 94, '[0, 9400, 9400, 9400, 9400, 1, 0, 0, 0, 0, 0]', 94),
(83886175, 5, 95, '[0, 9500, 9500, 9500, 9500, 1, 0, 0, 0, 0, 0]', 95),
(83886176, 5, 96, '[0, 9600, 9600, 9600, 9600, 1, 0, 0, 0, 0, 0]', 96),
(83886177, 5, 97, '[0, 9700, 9700, 9700, 9700, 1, 0, 0, 0, 0, 0]', 97),
(83886178, 5, 98, '[0, 9800, 9800, 9800, 9800, 1, 0, 0, 0, 0, 0]', 98),
(83886179, 5, 99, '[0, 9900, 9900, 9900, 9900, 1, 0, 0, 0, 0, 0]', 99),
(83886180, 5, 100, '[0, 10000, 10000, 10000, 10000, 1, 0, 0, 0, 0, 0]', 100),
(100663297, 6, 1, '[0, 100, 100, 100, 100, 1, 0, 0, 0, 0, 0]', 1),
(100663298, 6, 2, '[0, 200, 200, 200, 200, 1, 0, 0, 0, 0, 0]', 2),
(100663299, 6, 3, '[0, 300, 300, 300, 300, 1, 0, 0, 0, 0, 0]', 3),
(100663300, 6, 4, '[0, 400, 400, 400, 400, 1, 0, 0, 0, 0, 0]', 4),
(100663301, 6, 5, '[0, 500, 500, 500, 500, 1, 0, 0, 0, 0, 0]', 5),
(100663302, 6, 6, '[0, 600, 600, 600, 600, 1, 0, 0, 0, 0, 0]', 6),
(100663303, 6, 7, '[0, 700, 700, 700, 700, 1, 0, 0, 0, 0, 0]', 7),
(100663304, 6, 8, '[0, 800, 800, 800, 800, 1, 0, 0, 0, 0, 0]', 8),
(100663305, 6, 9, '[0, 900, 900, 900, 900, 1, 0, 0, 0, 0, 0]', 9),
(100663306, 6, 10, '[0, 1000, 1000, 1000, 1000, 1, 0, 0, 0, 0, 0]', 10),
(100663307, 6, 11, '[0, 1100, 1100, 1100, 1100, 1, 0, 0, 0, 0, 0]', 11),
(100663308, 6, 12, '[0, 1200, 1200, 1200, 1200, 1, 0, 0, 0, 0, 0]', 12),
(100663309, 6, 13, '[0, 1300, 1300, 1300, 1300, 1, 0, 0, 0, 0, 0]', 13),
(100663310, 6, 14, '[0, 1400, 1400, 1400, 1400, 1, 0, 0, 0, 0, 0]', 14),
(100663311, 6, 15, '[0, 1500, 1500, 1500, 1500, 1, 0, 0, 0, 0, 0]', 15),
(100663312, 6, 16, '[0, 1600, 1600, 1600, 1600, 1, 0, 0, 0, 0, 0]', 16),
(100663313, 6, 17, '[0, 1700, 1700, 1700, 1700, 1, 0, 0, 0, 0, 0]', 17),
(100663314, 6, 18, '[0, 1800, 1800, 1800, 1800, 1, 0, 0, 0, 0, 0]', 18),
(100663315, 6, 19, '[0, 1900, 1900, 1900, 1900, 1, 0, 0, 0, 0, 0]', 19),
(100663316, 6, 20, '[0, 2000, 2000, 2000, 2000, 1, 0, 0, 0, 0, 0]', 20),
(100663317, 6, 21, '[0, 2100, 2100, 2100, 2100, 1, 0, 0, 0, 0, 0]', 21),
(100663318, 6, 22, '[0, 2200, 2200, 2200, 2200, 1, 0, 0, 0, 0, 0]', 22),
(100663319, 6, 23, '[0, 2300, 2300, 2300, 2300, 1, 0, 0, 0, 0, 0]', 23),
(100663320, 6, 24, '[0, 2400, 2400, 2400, 2400, 1, 0, 0, 0, 0, 0]', 24),
(100663321, 6, 25, '[0, 2500, 2500, 2500, 2500, 1, 0, 0, 0, 0, 0]', 25),
(100663322, 6, 26, '[0, 2600, 2600, 2600, 2600, 1, 0, 0, 0, 0, 0]', 26),
(100663323, 6, 27, '[0, 2700, 2700, 2700, 2700, 1, 0, 0, 0, 0, 0]', 27),
(100663324, 6, 28, '[0, 2800, 2800, 2800, 2800, 1, 0, 0, 0, 0, 0]', 28),
(100663325, 6, 29, '[0, 2900, 2900, 2900, 2900, 1, 0, 0, 0, 0, 0]', 29),
(100663326, 6, 30, '[0, 3000, 3000, 3000, 3000, 1, 0, 0, 0, 0, 0]', 30),
(100663327, 6, 31, '[0, 3100, 3100, 3100, 3100, 1, 0, 0, 0, 0, 0]', 31),
(100663328, 6, 32, '[0, 3200, 3200, 3200, 3200, 1, 0, 0, 0, 0, 0]', 32),
(100663329, 6, 33, '[0, 3300, 3300, 3300, 3300, 1, 0, 0, 0, 0, 0]', 33),
(100663330, 6, 34, '[0, 3400, 3400, 3400, 3400, 1, 0, 0, 0, 0, 0]', 34),
(100663331, 6, 35, '[0, 3500, 3500, 3500, 3500, 1, 0, 0, 0, 0, 0]', 35),
(100663332, 6, 36, '[0, 3600, 3600, 3600, 3600, 1, 0, 0, 0, 0, 0]', 36),
(100663333, 6, 37, '[0, 3700, 3700, 3700, 3700, 1, 0, 0, 0, 0, 0]', 37),
(100663334, 6, 38, '[0, 3800, 3800, 3800, 3800, 1, 0, 0, 0, 0, 0]', 38),
(100663335, 6, 39, '[0, 3900, 3900, 3900, 3900, 1, 0, 0, 0, 0, 0]', 39),
(100663336, 6, 40, '[0, 4000, 4000, 4000, 4000, 1, 0, 0, 0, 0, 0]', 40),
(100663337, 6, 41, '[0, 4100, 4100, 4100, 4100, 1, 0, 0, 0, 0, 0]', 41),
(100663338, 6, 42, '[0, 4200, 4200, 4200, 4200, 1, 0, 0, 0, 0, 0]', 42),
(100663339, 6, 43, '[0, 4300, 4300, 4300, 4300, 1, 0, 0, 0, 0, 0]', 43),
(100663340, 6, 44, '[0, 4400, 4400, 4400, 4400, 1, 0, 0, 0, 0, 0]', 44),
(100663341, 6, 45, '[0, 4500, 4500, 4500, 4500, 1, 0, 0, 0, 0, 0]', 45),
(100663342, 6, 46, '[0, 4600, 4600, 4600, 4600, 1, 0, 0, 0, 0, 0]', 46),
(100663343, 6, 47, '[0, 4700, 4700, 4700, 4700, 1, 0, 0, 0, 0, 0]', 47),
(100663344, 6, 48, '[0, 4800, 4800, 4800, 4800, 1, 0, 0, 0, 0, 0]', 48),
(100663345, 6, 49, '[0, 4900, 4900, 4900, 4900, 1, 0, 0, 0, 0, 0]', 49),
(100663346, 6, 50, '[0, 5000, 5000, 5000, 5000, 1, 0, 0, 0, 0, 0]', 50),
(100663347, 6, 51, '[0, 5100, 5100, 5100, 5100, 1, 0, 0, 0, 0, 0]', 51),
(100663348, 6, 52, '[0, 5200, 5200, 5200, 5200, 1, 0, 0, 0, 0, 0]', 52),
(100663349, 6, 53, '[0, 5300, 5300, 5300, 5300, 1, 0, 0, 0, 0, 0]', 53),
(100663350, 6, 54, '[0, 5400, 5400, 5400, 5400, 1, 0, 0, 0, 0, 0]', 54),
(100663351, 6, 55, '[0, 5500, 5500, 5500, 5500, 1, 0, 0, 0, 0, 0]', 55),
(100663352, 6, 56, '[0, 5600, 5600, 5600, 5600, 1, 0, 0, 0, 0, 0]', 56),
(100663353, 6, 57, '[0, 5700, 5700, 5700, 5700, 1, 0, 0, 0, 0, 0]', 57),
(100663354, 6, 58, '[0, 5800, 5800, 5800, 5800, 1, 0, 0, 0, 0, 0]', 58),
(100663355, 6, 59, '[0, 5900, 5900, 5900, 5900, 1, 0, 0, 0, 0, 0]', 59),
(100663356, 6, 60, '[0, 6000, 6000, 6000, 6000, 1, 0, 0, 0, 0, 0]', 60),
(100663357, 6, 61, '[0, 6100, 6100, 6100, 6100, 1, 0, 0, 0, 0, 0]', 61),
(100663358, 6, 62, '[0, 6200, 6200, 6200, 6200, 1, 0, 0, 0, 0, 0]', 62),
(100663359, 6, 63, '[0, 6300, 6300, 6300, 6300, 1, 0, 0, 0, 0, 0]', 63),
(100663360, 6, 64, '[0, 6400, 6400, 6400, 6400, 1, 0, 0, 0, 0, 0]', 64),
(100663361, 6, 65, '[0, 6500, 6500, 6500, 6500, 1, 0, 0, 0, 0, 0]', 65),
(100663362, 6, 66, '[0, 6600, 6600, 6600, 6600, 1, 0, 0, 0, 0, 0]', 66),
(100663363, 6, 67, '[0, 6700, 6700, 6700, 6700, 1, 0, 0, 0, 0, 0]', 67),
(100663364, 6, 68, '[0, 6800, 6800, 6800, 6800, 1, 0, 0, 0, 0, 0]', 68),
(100663365, 6, 69, '[0, 6900, 6900, 6900, 6900, 1, 0, 0, 0, 0, 0]', 69),
(100663366, 6, 70, '[0, 7000, 7000, 7000, 7000, 1, 0, 0, 0, 0, 0]', 70),
(100663367, 6, 71, '[0, 7100, 7100, 7100, 7100, 1, 0, 0, 0, 0, 0]', 71),
(100663368, 6, 72, '[0, 7200, 7200, 7200, 7200, 1, 0, 0, 0, 0, 0]', 72),
(100663369, 6, 73, '[0, 7300, 7300, 7300, 7300, 1, 0, 0, 0, 0, 0]', 73),
(100663370, 6, 74, '[0, 7400, 7400, 7400, 7400, 1, 0, 0, 0, 0, 0]', 74),
(100663371, 6, 75, '[0, 7500, 7500, 7500, 7500, 1, 0, 0, 0, 0, 0]', 75),
(100663372, 6, 76, '[0, 7600, 7600, 7600, 7600, 1, 0, 0, 0, 0, 0]', 76),
(100663373, 6, 77, '[0, 7700, 7700, 7700, 7700, 1, 0, 0, 0, 0, 0]', 77),
(100663374, 6, 78, '[0, 7800, 7800, 7800, 7800, 1, 0, 0, 0, 0, 0]', 78),
(100663375, 6, 79, '[0, 7900, 7900, 7900, 7900, 1, 0, 0, 0, 0, 0]', 79),
(100663376, 6, 80, '[0, 8000, 8000, 8000, 8000, 1, 0, 0, 0, 0, 0]', 80),
(100663377, 6, 81, '[0, 8100, 8100, 8100, 8100, 1, 0, 0, 0, 0, 0]', 81),
(100663378, 6, 82, '[0, 8200, 8200, 8200, 8200, 1, 0, 0, 0, 0, 0]', 82),
(100663379, 6, 83, '[0, 8300, 8300, 8300, 8300, 1, 0, 0, 0, 0, 0]', 83),
(100663380, 6, 84, '[0, 8400, 8400, 8400, 8400, 1, 0, 0, 0, 0, 0]', 84),
(100663381, 6, 85, '[0, 8500, 8500, 8500, 8500, 1, 0, 0, 0, 0, 0]', 85),
(100663382, 6, 86, '[0, 8600, 8600, 8600, 8600, 1, 0, 0, 0, 0, 0]', 86),
(100663383, 6, 87, '[0, 8700, 8700, 8700, 8700, 1, 0, 0, 0, 0, 0]', 87),
(100663384, 6, 88, '[0, 8800, 8800, 8800, 8800, 1, 0, 0, 0, 0, 0]', 88),
(100663385, 6, 89, '[0, 8900, 8900, 8900, 8900, 1, 0, 0, 0, 0, 0]', 89),
(100663386, 6, 90, '[0, 9000, 9000, 9000, 9000, 1, 0, 0, 0, 0, 0]', 90),
(100663387, 6, 91, '[0, 9100, 9100, 9100, 9100, 1, 0, 0, 0, 0, 0]', 91),
(100663388, 6, 92, '[0, 9200, 9200, 9200, 9200, 1, 0, 0, 0, 0, 0]', 92),
(100663389, 6, 93, '[0, 9300, 9300, 9300, 9300, 1, 0, 0, 0, 0, 0]', 93),
(100663390, 6, 94, '[0, 9400, 9400, 9400, 9400, 1, 0, 0, 0, 0, 0]', 94),
(100663391, 6, 95, '[0, 9500, 9500, 9500, 9500, 1, 0, 0, 0, 0, 0]', 95),
(100663392, 6, 96, '[0, 9600, 9600, 9600, 9600, 1, 0, 0, 0, 0, 0]', 96),
(100663393, 6, 97, '[0, 9700, 9700, 9700, 9700, 1, 0, 0, 0, 0, 0]', 97),
(100663394, 6, 98, '[0, 9800, 9800, 9800, 9800, 1, 0, 0, 0, 0, 0]', 98),
(100663395, 6, 99, '[0, 9900, 9900, 9900, 9900, 1, 0, 0, 0, 0, 0]', 99),
(100663396, 6, 100, '[0, 10000, 10000, 10000, 10000, 1, 0, 0, 0, 0, 0]', 100),
(117440513, 7, 1, '[0, 100, 100, 100, 100, 1, 0, 0, 0, 0, 0]', 1),
(117440514, 7, 2, '[0, 200, 200, 200, 200, 1, 0, 0, 0, 0, 0]', 2),
(117440515, 7, 3, '[0, 300, 300, 300, 300, 1, 0, 0, 0, 0, 0]', 3),
(117440516, 7, 4, '[0, 400, 400, 400, 400, 1, 0, 0, 0, 0, 0]', 4),
(117440517, 7, 5, '[0, 500, 500, 500, 500, 1, 0, 0, 0, 0, 0]', 5),
(117440518, 7, 6, '[0, 600, 600, 600, 600, 1, 0, 0, 0, 0, 0]', 6),
(117440519, 7, 7, '[0, 700, 700, 700, 700, 1, 0, 0, 0, 0, 0]', 7),
(117440520, 7, 8, '[0, 800, 800, 800, 800, 1, 0, 0, 0, 0, 0]', 8),
(117440521, 7, 9, '[0, 900, 900, 900, 900, 1, 0, 0, 0, 0, 0]', 9),
(117440522, 7, 10, '[0, 1000, 1000, 1000, 1000, 1, 0, 0, 0, 0, 0]', 10),
(117440523, 7, 11, '[0, 1100, 1100, 1100, 1100, 1, 0, 0, 0, 0, 0]', 11),
(117440524, 7, 12, '[0, 1200, 1200, 1200, 1200, 1, 0, 0, 0, 0, 0]', 12),
(117440525, 7, 13, '[0, 1300, 1300, 1300, 1300, 1, 0, 0, 0, 0, 0]', 13),
(117440526, 7, 14, '[0, 1400, 1400, 1400, 1400, 1, 0, 0, 0, 0, 0]', 14),
(117440527, 7, 15, '[0, 1500, 1500, 1500, 1500, 1, 0, 0, 0, 0, 0]', 15),
(117440528, 7, 16, '[0, 1600, 1600, 1600, 1600, 1, 0, 0, 0, 0, 0]', 16),
(117440529, 7, 17, '[0, 1700, 1700, 1700, 1700, 1, 0, 0, 0, 0, 0]', 17),
(117440530, 7, 18, '[0, 1800, 1800, 1800, 1800, 1, 0, 0, 0, 0, 0]', 18),
(117440531, 7, 19, '[0, 1900, 1900, 1900, 1900, 1, 0, 0, 0, 0, 0]', 19),
(117440532, 7, 20, '[0, 2000, 2000, 2000, 2000, 1, 0, 0, 0, 0, 0]', 20),
(117440533, 7, 21, '[0, 2100, 2100, 2100, 2100, 1, 0, 0, 0, 0, 0]', 21),
(117440534, 7, 22, '[0, 2200, 2200, 2200, 2200, 1, 0, 0, 0, 0, 0]', 22),
(117440535, 7, 23, '[0, 2300, 2300, 2300, 2300, 1, 0, 0, 0, 0, 0]', 23),
(117440536, 7, 24, '[0, 2400, 2400, 2400, 2400, 1, 0, 0, 0, 0, 0]', 24),
(117440537, 7, 25, '[0, 2500, 2500, 2500, 2500, 1, 0, 0, 0, 0, 0]', 25);
INSERT INTO `player_attribute` (`Id`, `career`, `level`, `attrs`, `damageFactor`) VALUES
(117440538, 7, 26, '[0, 2600, 2600, 2600, 2600, 1, 0, 0, 0, 0, 0]', 26),
(117440539, 7, 27, '[0, 2700, 2700, 2700, 2700, 1, 0, 0, 0, 0, 0]', 27),
(117440540, 7, 28, '[0, 2800, 2800, 2800, 2800, 1, 0, 0, 0, 0, 0]', 28),
(117440541, 7, 29, '[0, 2900, 2900, 2900, 2900, 1, 0, 0, 0, 0, 0]', 29),
(117440542, 7, 30, '[0, 3000, 3000, 3000, 3000, 1, 0, 0, 0, 0, 0]', 30),
(117440543, 7, 31, '[0, 3100, 3100, 3100, 3100, 1, 0, 0, 0, 0, 0]', 31),
(117440544, 7, 32, '[0, 3200, 3200, 3200, 3200, 1, 0, 0, 0, 0, 0]', 32),
(117440545, 7, 33, '[0, 3300, 3300, 3300, 3300, 1, 0, 0, 0, 0, 0]', 33),
(117440546, 7, 34, '[0, 3400, 3400, 3400, 3400, 1, 0, 0, 0, 0, 0]', 34),
(117440547, 7, 35, '[0, 3500, 3500, 3500, 3500, 1, 0, 0, 0, 0, 0]', 35),
(117440548, 7, 36, '[0, 3600, 3600, 3600, 3600, 1, 0, 0, 0, 0, 0]', 36),
(117440549, 7, 37, '[0, 3700, 3700, 3700, 3700, 1, 0, 0, 0, 0, 0]', 37),
(117440550, 7, 38, '[0, 3800, 3800, 3800, 3800, 1, 0, 0, 0, 0, 0]', 38),
(117440551, 7, 39, '[0, 3900, 3900, 3900, 3900, 1, 0, 0, 0, 0, 0]', 39),
(117440552, 7, 40, '[0, 4000, 4000, 4000, 4000, 1, 0, 0, 0, 0, 0]', 40),
(117440553, 7, 41, '[0, 4100, 4100, 4100, 4100, 1, 0, 0, 0, 0, 0]', 41),
(117440554, 7, 42, '[0, 4200, 4200, 4200, 4200, 1, 0, 0, 0, 0, 0]', 42),
(117440555, 7, 43, '[0, 4300, 4300, 4300, 4300, 1, 0, 0, 0, 0, 0]', 43),
(117440556, 7, 44, '[0, 4400, 4400, 4400, 4400, 1, 0, 0, 0, 0, 0]', 44),
(117440557, 7, 45, '[0, 4500, 4500, 4500, 4500, 1, 0, 0, 0, 0, 0]', 45),
(117440558, 7, 46, '[0, 4600, 4600, 4600, 4600, 1, 0, 0, 0, 0, 0]', 46),
(117440559, 7, 47, '[0, 4700, 4700, 4700, 4700, 1, 0, 0, 0, 0, 0]', 47),
(117440560, 7, 48, '[0, 4800, 4800, 4800, 4800, 1, 0, 0, 0, 0, 0]', 48),
(117440561, 7, 49, '[0, 4900, 4900, 4900, 4900, 1, 0, 0, 0, 0, 0]', 49),
(117440562, 7, 50, '[0, 5000, 5000, 5000, 5000, 1, 0, 0, 0, 0, 0]', 50),
(117440563, 7, 51, '[0, 5100, 5100, 5100, 5100, 1, 0, 0, 0, 0, 0]', 51),
(117440564, 7, 52, '[0, 5200, 5200, 5200, 5200, 1, 0, 0, 0, 0, 0]', 52),
(117440565, 7, 53, '[0, 5300, 5300, 5300, 5300, 1, 0, 0, 0, 0, 0]', 53),
(117440566, 7, 54, '[0, 5400, 5400, 5400, 5400, 1, 0, 0, 0, 0, 0]', 54),
(117440567, 7, 55, '[0, 5500, 5500, 5500, 5500, 1, 0, 0, 0, 0, 0]', 55),
(117440568, 7, 56, '[0, 5600, 5600, 5600, 5600, 1, 0, 0, 0, 0, 0]', 56),
(117440569, 7, 57, '[0, 5700, 5700, 5700, 5700, 1, 0, 0, 0, 0, 0]', 57),
(117440570, 7, 58, '[0, 5800, 5800, 5800, 5800, 1, 0, 0, 0, 0, 0]', 58),
(117440571, 7, 59, '[0, 5900, 5900, 5900, 5900, 1, 0, 0, 0, 0, 0]', 59),
(117440572, 7, 60, '[0, 6000, 6000, 6000, 6000, 1, 0, 0, 0, 0, 0]', 60),
(117440573, 7, 61, '[0, 6100, 6100, 6100, 6100, 1, 0, 0, 0, 0, 0]', 61),
(117440574, 7, 62, '[0, 6200, 6200, 6200, 6200, 1, 0, 0, 0, 0, 0]', 62),
(117440575, 7, 63, '[0, 6300, 6300, 6300, 6300, 1, 0, 0, 0, 0, 0]', 63),
(117440576, 7, 64, '[0, 6400, 6400, 6400, 6400, 1, 0, 0, 0, 0, 0]', 64),
(117440577, 7, 65, '[0, 6500, 6500, 6500, 6500, 1, 0, 0, 0, 0, 0]', 65),
(117440578, 7, 66, '[0, 6600, 6600, 6600, 6600, 1, 0, 0, 0, 0, 0]', 66),
(117440579, 7, 67, '[0, 6700, 6700, 6700, 6700, 1, 0, 0, 0, 0, 0]', 67),
(117440580, 7, 68, '[0, 6800, 6800, 6800, 6800, 1, 0, 0, 0, 0, 0]', 68),
(117440581, 7, 69, '[0, 6900, 6900, 6900, 6900, 1, 0, 0, 0, 0, 0]', 69),
(117440582, 7, 70, '[0, 7000, 7000, 7000, 7000, 1, 0, 0, 0, 0, 0]', 70),
(117440583, 7, 71, '[0, 7100, 7100, 7100, 7100, 1, 0, 0, 0, 0, 0]', 71),
(117440584, 7, 72, '[0, 7200, 7200, 7200, 7200, 1, 0, 0, 0, 0, 0]', 72),
(117440585, 7, 73, '[0, 7300, 7300, 7300, 7300, 1, 0, 0, 0, 0, 0]', 73),
(117440586, 7, 74, '[0, 7400, 7400, 7400, 7400, 1, 0, 0, 0, 0, 0]', 74),
(117440587, 7, 75, '[0, 7500, 7500, 7500, 7500, 1, 0, 0, 0, 0, 0]', 75),
(117440588, 7, 76, '[0, 7600, 7600, 7600, 7600, 1, 0, 0, 0, 0, 0]', 76),
(117440589, 7, 77, '[0, 7700, 7700, 7700, 7700, 1, 0, 0, 0, 0, 0]', 77),
(117440590, 7, 78, '[0, 7800, 7800, 7800, 7800, 1, 0, 0, 0, 0, 0]', 78),
(117440591, 7, 79, '[0, 7900, 7900, 7900, 7900, 1, 0, 0, 0, 0, 0]', 79),
(117440592, 7, 80, '[0, 8000, 8000, 8000, 8000, 1, 0, 0, 0, 0, 0]', 80),
(117440593, 7, 81, '[0, 8100, 8100, 8100, 8100, 1, 0, 0, 0, 0, 0]', 81),
(117440594, 7, 82, '[0, 8200, 8200, 8200, 8200, 1, 0, 0, 0, 0, 0]', 82),
(117440595, 7, 83, '[0, 8300, 8300, 8300, 8300, 1, 0, 0, 0, 0, 0]', 83),
(117440596, 7, 84, '[0, 8400, 8400, 8400, 8400, 1, 0, 0, 0, 0, 0]', 84),
(117440597, 7, 85, '[0, 8500, 8500, 8500, 8500, 1, 0, 0, 0, 0, 0]', 85),
(117440598, 7, 86, '[0, 8600, 8600, 8600, 8600, 1, 0, 0, 0, 0, 0]', 86),
(117440599, 7, 87, '[0, 8700, 8700, 8700, 8700, 1, 0, 0, 0, 0, 0]', 87),
(117440600, 7, 88, '[0, 8800, 8800, 8800, 8800, 1, 0, 0, 0, 0, 0]', 88),
(117440601, 7, 89, '[0, 8900, 8900, 8900, 8900, 1, 0, 0, 0, 0, 0]', 89),
(117440602, 7, 90, '[0, 9000, 9000, 9000, 9000, 1, 0, 0, 0, 0, 0]', 90),
(117440603, 7, 91, '[0, 9100, 9100, 9100, 9100, 1, 0, 0, 0, 0, 0]', 91),
(117440604, 7, 92, '[0, 9200, 9200, 9200, 9200, 1, 0, 0, 0, 0, 0]', 92),
(117440605, 7, 93, '[0, 9300, 9300, 9300, 9300, 1, 0, 0, 0, 0, 0]', 93),
(117440606, 7, 94, '[0, 9400, 9400, 9400, 9400, 1, 0, 0, 0, 0, 0]', 94),
(117440607, 7, 95, '[0, 9500, 9500, 9500, 9500, 1, 0, 0, 0, 0, 0]', 95),
(117440608, 7, 96, '[0, 9600, 9600, 9600, 9600, 1, 0, 0, 0, 0, 0]', 96),
(117440609, 7, 97, '[0, 9700, 9700, 9700, 9700, 1, 0, 0, 0, 0, 0]', 97),
(117440610, 7, 98, '[0, 9800, 9800, 9800, 9800, 1, 0, 0, 0, 0, 0]', 98),
(117440611, 7, 99, '[0, 9900, 9900, 9900, 9900, 1, 0, 0, 0, 0, 0]', 99),
(117440612, 7, 100, '[0, 10000, 10000, 10000, 10000, 1, 0, 0, 0, 0, 0]', 100),
(134217729, 8, 1, '[0, 100, 100, 100, 100, 1, 0, 0, 0, 0, 0]', 1),
(134217730, 8, 2, '[0, 200, 200, 200, 200, 1, 0, 0, 0, 0, 0]', 2),
(134217731, 8, 3, '[0, 300, 300, 300, 300, 1, 0, 0, 0, 0, 0]', 3),
(134217732, 8, 4, '[0, 400, 400, 400, 400, 1, 0, 0, 0, 0, 0]', 4),
(134217733, 8, 5, '[0, 500, 500, 500, 500, 1, 0, 0, 0, 0, 0]', 5),
(134217734, 8, 6, '[0, 600, 600, 600, 600, 1, 0, 0, 0, 0, 0]', 6),
(134217735, 8, 7, '[0, 700, 700, 700, 700, 1, 0, 0, 0, 0, 0]', 7),
(134217736, 8, 8, '[0, 800, 800, 800, 800, 1, 0, 0, 0, 0, 0]', 8),
(134217737, 8, 9, '[0, 900, 900, 900, 900, 1, 0, 0, 0, 0, 0]', 9),
(134217738, 8, 10, '[0, 1000, 1000, 1000, 1000, 1, 0, 0, 0, 0, 0]', 10),
(134217739, 8, 11, '[0, 1100, 1100, 1100, 1100, 1, 0, 0, 0, 0, 0]', 11),
(134217740, 8, 12, '[0, 1200, 1200, 1200, 1200, 1, 0, 0, 0, 0, 0]', 12),
(134217741, 8, 13, '[0, 1300, 1300, 1300, 1300, 1, 0, 0, 0, 0, 0]', 13),
(134217742, 8, 14, '[0, 1400, 1400, 1400, 1400, 1, 0, 0, 0, 0, 0]', 14),
(134217743, 8, 15, '[0, 1500, 1500, 1500, 1500, 1, 0, 0, 0, 0, 0]', 15),
(134217744, 8, 16, '[0, 1600, 1600, 1600, 1600, 1, 0, 0, 0, 0, 0]', 16),
(134217745, 8, 17, '[0, 1700, 1700, 1700, 1700, 1, 0, 0, 0, 0, 0]', 17),
(134217746, 8, 18, '[0, 1800, 1800, 1800, 1800, 1, 0, 0, 0, 0, 0]', 18),
(134217747, 8, 19, '[0, 1900, 1900, 1900, 1900, 1, 0, 0, 0, 0, 0]', 19),
(134217748, 8, 20, '[0, 2000, 2000, 2000, 2000, 1, 0, 0, 0, 0, 0]', 20),
(134217749, 8, 21, '[0, 2100, 2100, 2100, 2100, 1, 0, 0, 0, 0, 0]', 21),
(134217750, 8, 22, '[0, 2200, 2200, 2200, 2200, 1, 0, 0, 0, 0, 0]', 22),
(134217751, 8, 23, '[0, 2300, 2300, 2300, 2300, 1, 0, 0, 0, 0, 0]', 23),
(134217752, 8, 24, '[0, 2400, 2400, 2400, 2400, 1, 0, 0, 0, 0, 0]', 24),
(134217753, 8, 25, '[0, 2500, 2500, 2500, 2500, 1, 0, 0, 0, 0, 0]', 25),
(134217754, 8, 26, '[0, 2600, 2600, 2600, 2600, 1, 0, 0, 0, 0, 0]', 26),
(134217755, 8, 27, '[0, 2700, 2700, 2700, 2700, 1, 0, 0, 0, 0, 0]', 27),
(134217756, 8, 28, '[0, 2800, 2800, 2800, 2800, 1, 0, 0, 0, 0, 0]', 28),
(134217757, 8, 29, '[0, 2900, 2900, 2900, 2900, 1, 0, 0, 0, 0, 0]', 29),
(134217758, 8, 30, '[0, 3000, 3000, 3000, 3000, 1, 0, 0, 0, 0, 0]', 30),
(134217759, 8, 31, '[0, 3100, 3100, 3100, 3100, 1, 0, 0, 0, 0, 0]', 31),
(134217760, 8, 32, '[0, 3200, 3200, 3200, 3200, 1, 0, 0, 0, 0, 0]', 32),
(134217761, 8, 33, '[0, 3300, 3300, 3300, 3300, 1, 0, 0, 0, 0, 0]', 33),
(134217762, 8, 34, '[0, 3400, 3400, 3400, 3400, 1, 0, 0, 0, 0, 0]', 34),
(134217763, 8, 35, '[0, 3500, 3500, 3500, 3500, 1, 0, 0, 0, 0, 0]', 35),
(134217764, 8, 36, '[0, 3600, 3600, 3600, 3600, 1, 0, 0, 0, 0, 0]', 36),
(134217765, 8, 37, '[0, 3700, 3700, 3700, 3700, 1, 0, 0, 0, 0, 0]', 37),
(134217766, 8, 38, '[0, 3800, 3800, 3800, 3800, 1, 0, 0, 0, 0, 0]', 38),
(134217767, 8, 39, '[0, 3900, 3900, 3900, 3900, 1, 0, 0, 0, 0, 0]', 39),
(134217768, 8, 40, '[0, 4000, 4000, 4000, 4000, 1, 0, 0, 0, 0, 0]', 40),
(134217769, 8, 41, '[0, 4100, 4100, 4100, 4100, 1, 0, 0, 0, 0, 0]', 41),
(134217770, 8, 42, '[0, 4200, 4200, 4200, 4200, 1, 0, 0, 0, 0, 0]', 42),
(134217771, 8, 43, '[0, 4300, 4300, 4300, 4300, 1, 0, 0, 0, 0, 0]', 43),
(134217772, 8, 44, '[0, 4400, 4400, 4400, 4400, 1, 0, 0, 0, 0, 0]', 44),
(134217773, 8, 45, '[0, 4500, 4500, 4500, 4500, 1, 0, 0, 0, 0, 0]', 45),
(134217774, 8, 46, '[0, 4600, 4600, 4600, 4600, 1, 0, 0, 0, 0, 0]', 46),
(134217775, 8, 47, '[0, 4700, 4700, 4700, 4700, 1, 0, 0, 0, 0, 0]', 47),
(134217776, 8, 48, '[0, 4800, 4800, 4800, 4800, 1, 0, 0, 0, 0, 0]', 48),
(134217777, 8, 49, '[0, 4900, 4900, 4900, 4900, 1, 0, 0, 0, 0, 0]', 49),
(134217778, 8, 50, '[0, 5000, 5000, 5000, 5000, 1, 0, 0, 0, 0, 0]', 50),
(134217779, 8, 51, '[0, 5100, 5100, 5100, 5100, 1, 0, 0, 0, 0, 0]', 51),
(134217780, 8, 52, '[0, 5200, 5200, 5200, 5200, 1, 0, 0, 0, 0, 0]', 52),
(134217781, 8, 53, '[0, 5300, 5300, 5300, 5300, 1, 0, 0, 0, 0, 0]', 53),
(134217782, 8, 54, '[0, 5400, 5400, 5400, 5400, 1, 0, 0, 0, 0, 0]', 54),
(134217783, 8, 55, '[0, 5500, 5500, 5500, 5500, 1, 0, 0, 0, 0, 0]', 55),
(134217784, 8, 56, '[0, 5600, 5600, 5600, 5600, 1, 0, 0, 0, 0, 0]', 56),
(134217785, 8, 57, '[0, 5700, 5700, 5700, 5700, 1, 0, 0, 0, 0, 0]', 57),
(134217786, 8, 58, '[0, 5800, 5800, 5800, 5800, 1, 0, 0, 0, 0, 0]', 58),
(134217787, 8, 59, '[0, 5900, 5900, 5900, 5900, 1, 0, 0, 0, 0, 0]', 59),
(134217788, 8, 60, '[0, 6000, 6000, 6000, 6000, 1, 0, 0, 0, 0, 0]', 60),
(134217789, 8, 61, '[0, 6100, 6100, 6100, 6100, 1, 0, 0, 0, 0, 0]', 61),
(134217790, 8, 62, '[0, 6200, 6200, 6200, 6200, 1, 0, 0, 0, 0, 0]', 62),
(134217791, 8, 63, '[0, 6300, 6300, 6300, 6300, 1, 0, 0, 0, 0, 0]', 63),
(134217792, 8, 64, '[0, 6400, 6400, 6400, 6400, 1, 0, 0, 0, 0, 0]', 64),
(134217793, 8, 65, '[0, 6500, 6500, 6500, 6500, 1, 0, 0, 0, 0, 0]', 65),
(134217794, 8, 66, '[0, 6600, 6600, 6600, 6600, 1, 0, 0, 0, 0, 0]', 66),
(134217795, 8, 67, '[0, 6700, 6700, 6700, 6700, 1, 0, 0, 0, 0, 0]', 67),
(134217796, 8, 68, '[0, 6800, 6800, 6800, 6800, 1, 0, 0, 0, 0, 0]', 68),
(134217797, 8, 69, '[0, 6900, 6900, 6900, 6900, 1, 0, 0, 0, 0, 0]', 69),
(134217798, 8, 70, '[0, 7000, 7000, 7000, 7000, 1, 0, 0, 0, 0, 0]', 70),
(134217799, 8, 71, '[0, 7100, 7100, 7100, 7100, 1, 0, 0, 0, 0, 0]', 71),
(134217800, 8, 72, '[0, 7200, 7200, 7200, 7200, 1, 0, 0, 0, 0, 0]', 72),
(134217801, 8, 73, '[0, 7300, 7300, 7300, 7300, 1, 0, 0, 0, 0, 0]', 73),
(134217802, 8, 74, '[0, 7400, 7400, 7400, 7400, 1, 0, 0, 0, 0, 0]', 74),
(134217803, 8, 75, '[0, 7500, 7500, 7500, 7500, 1, 0, 0, 0, 0, 0]', 75),
(134217804, 8, 76, '[0, 7600, 7600, 7600, 7600, 1, 0, 0, 0, 0, 0]', 76),
(134217805, 8, 77, '[0, 7700, 7700, 7700, 7700, 1, 0, 0, 0, 0, 0]', 77),
(134217806, 8, 78, '[0, 7800, 7800, 7800, 7800, 1, 0, 0, 0, 0, 0]', 78),
(134217807, 8, 79, '[0, 7900, 7900, 7900, 7900, 1, 0, 0, 0, 0, 0]', 79),
(134217808, 8, 80, '[0, 8000, 8000, 8000, 8000, 1, 0, 0, 0, 0, 0]', 80),
(134217809, 8, 81, '[0, 8100, 8100, 8100, 8100, 1, 0, 0, 0, 0, 0]', 81),
(134217810, 8, 82, '[0, 8200, 8200, 8200, 8200, 1, 0, 0, 0, 0, 0]', 82),
(134217811, 8, 83, '[0, 8300, 8300, 8300, 8300, 1, 0, 0, 0, 0, 0]', 83),
(134217812, 8, 84, '[0, 8400, 8400, 8400, 8400, 1, 0, 0, 0, 0, 0]', 84),
(134217813, 8, 85, '[0, 8500, 8500, 8500, 8500, 1, 0, 0, 0, 0, 0]', 85),
(134217814, 8, 86, '[0, 8600, 8600, 8600, 8600, 1, 0, 0, 0, 0, 0]', 86),
(134217815, 8, 87, '[0, 8700, 8700, 8700, 8700, 1, 0, 0, 0, 0, 0]', 87),
(134217816, 8, 88, '[0, 8800, 8800, 8800, 8800, 1, 0, 0, 0, 0, 0]', 88),
(134217817, 8, 89, '[0, 8900, 8900, 8900, 8900, 1, 0, 0, 0, 0, 0]', 89),
(134217818, 8, 90, '[0, 9000, 9000, 9000, 9000, 1, 0, 0, 0, 0, 0]', 90),
(134217819, 8, 91, '[0, 9100, 9100, 9100, 9100, 1, 0, 0, 0, 0, 0]', 91),
(134217820, 8, 92, '[0, 9200, 9200, 9200, 9200, 1, 0, 0, 0, 0, 0]', 92),
(134217821, 8, 93, '[0, 9300, 9300, 9300, 9300, 1, 0, 0, 0, 0, 0]', 93),
(134217822, 8, 94, '[0, 9400, 9400, 9400, 9400, 1, 0, 0, 0, 0, 0]', 94),
(134217823, 8, 95, '[0, 9500, 9500, 9500, 9500, 1, 0, 0, 0, 0, 0]', 95),
(134217824, 8, 96, '[0, 9600, 9600, 9600, 9600, 1, 0, 0, 0, 0, 0]', 96),
(134217825, 8, 97, '[0, 9700, 9700, 9700, 9700, 1, 0, 0, 0, 0, 0]', 97),
(134217826, 8, 98, '[0, 9800, 9800, 9800, 9800, 1, 0, 0, 0, 0, 0]', 98),
(134217827, 8, 99, '[0, 9900, 9900, 9900, 9900, 1, 0, 0, 0, 0, 0]', 99),
(134217828, 8, 100, '[0, 10000, 10000, 10000, 10000, 1, 0, 0, 0, 0, 0]', 100),
(150994945, 9, 1, '[0, 100, 100, 100, 100, 1, 0, 0, 0, 0, 0]', 1),
(150994946, 9, 2, '[0, 200, 200, 200, 200, 1, 0, 0, 0, 0, 0]', 2),
(150994947, 9, 3, '[0, 300, 300, 300, 300, 1, 0, 0, 0, 0, 0]', 3),
(150994948, 9, 4, '[0, 400, 400, 400, 400, 1, 0, 0, 0, 0, 0]', 4),
(150994949, 9, 5, '[0, 500, 500, 500, 500, 1, 0, 0, 0, 0, 0]', 5),
(150994950, 9, 6, '[0, 600, 600, 600, 600, 1, 0, 0, 0, 0, 0]', 6),
(150994951, 9, 7, '[0, 700, 700, 700, 700, 1, 0, 0, 0, 0, 0]', 7),
(150994952, 9, 8, '[0, 800, 800, 800, 800, 1, 0, 0, 0, 0, 0]', 8),
(150994953, 9, 9, '[0, 900, 900, 900, 900, 1, 0, 0, 0, 0, 0]', 9),
(150994954, 9, 10, '[0, 1000, 1000, 1000, 1000, 1, 0, 0, 0, 0, 0]', 10),
(150994955, 9, 11, '[0, 1100, 1100, 1100, 1100, 1, 0, 0, 0, 0, 0]', 11),
(150994956, 9, 12, '[0, 1200, 1200, 1200, 1200, 1, 0, 0, 0, 0, 0]', 12),
(150994957, 9, 13, '[0, 1300, 1300, 1300, 1300, 1, 0, 0, 0, 0, 0]', 13),
(150994958, 9, 14, '[0, 1400, 1400, 1400, 1400, 1, 0, 0, 0, 0, 0]', 14),
(150994959, 9, 15, '[0, 1500, 1500, 1500, 1500, 1, 0, 0, 0, 0, 0]', 15),
(150994960, 9, 16, '[0, 1600, 1600, 1600, 1600, 1, 0, 0, 0, 0, 0]', 16),
(150994961, 9, 17, '[0, 1700, 1700, 1700, 1700, 1, 0, 0, 0, 0, 0]', 17),
(150994962, 9, 18, '[0, 1800, 1800, 1800, 1800, 1, 0, 0, 0, 0, 0]', 18),
(150994963, 9, 19, '[0, 1900, 1900, 1900, 1900, 1, 0, 0, 0, 0, 0]', 19),
(150994964, 9, 20, '[0, 2000, 2000, 2000, 2000, 1, 0, 0, 0, 0, 0]', 20),
(150994965, 9, 21, '[0, 2100, 2100, 2100, 2100, 1, 0, 0, 0, 0, 0]', 21),
(150994966, 9, 22, '[0, 2200, 2200, 2200, 2200, 1, 0, 0, 0, 0, 0]', 22),
(150994967, 9, 23, '[0, 2300, 2300, 2300, 2300, 1, 0, 0, 0, 0, 0]', 23),
(150994968, 9, 24, '[0, 2400, 2400, 2400, 2400, 1, 0, 0, 0, 0, 0]', 24),
(150994969, 9, 25, '[0, 2500, 2500, 2500, 2500, 1, 0, 0, 0, 0, 0]', 25),
(150994970, 9, 26, '[0, 2600, 2600, 2600, 2600, 1, 0, 0, 0, 0, 0]', 26),
(150994971, 9, 27, '[0, 2700, 2700, 2700, 2700, 1, 0, 0, 0, 0, 0]', 27),
(150994972, 9, 28, '[0, 2800, 2800, 2800, 2800, 1, 0, 0, 0, 0, 0]', 28),
(150994973, 9, 29, '[0, 2900, 2900, 2900, 2900, 1, 0, 0, 0, 0, 0]', 29),
(150994974, 9, 30, '[0, 3000, 3000, 3000, 3000, 1, 0, 0, 0, 0, 0]', 30),
(150994975, 9, 31, '[0, 3100, 3100, 3100, 3100, 1, 0, 0, 0, 0, 0]', 31),
(150994976, 9, 32, '[0, 3200, 3200, 3200, 3200, 1, 0, 0, 0, 0, 0]', 32),
(150994977, 9, 33, '[0, 3300, 3300, 3300, 3300, 1, 0, 0, 0, 0, 0]', 33),
(150994978, 9, 34, '[0, 3400, 3400, 3400, 3400, 1, 0, 0, 0, 0, 0]', 34),
(150994979, 9, 35, '[0, 3500, 3500, 3500, 3500, 1, 0, 0, 0, 0, 0]', 35),
(150994980, 9, 36, '[0, 3600, 3600, 3600, 3600, 1, 0, 0, 0, 0, 0]', 36),
(150994981, 9, 37, '[0, 3700, 3700, 3700, 3700, 1, 0, 0, 0, 0, 0]', 37),
(150994982, 9, 38, '[0, 3800, 3800, 3800, 3800, 1, 0, 0, 0, 0, 0]', 38),
(150994983, 9, 39, '[0, 3900, 3900, 3900, 3900, 1, 0, 0, 0, 0, 0]', 39),
(150994984, 9, 40, '[0, 4000, 4000, 4000, 4000, 1, 0, 0, 0, 0, 0]', 40),
(150994985, 9, 41, '[0, 4100, 4100, 4100, 4100, 1, 0, 0, 0, 0, 0]', 41),
(150994986, 9, 42, '[0, 4200, 4200, 4200, 4200, 1, 0, 0, 0, 0, 0]', 42),
(150994987, 9, 43, '[0, 4300, 4300, 4300, 4300, 1, 0, 0, 0, 0, 0]', 43),
(150994988, 9, 44, '[0, 4400, 4400, 4400, 4400, 1, 0, 0, 0, 0, 0]', 44),
(150994989, 9, 45, '[0, 4500, 4500, 4500, 4500, 1, 0, 0, 0, 0, 0]', 45),
(150994990, 9, 46, '[0, 4600, 4600, 4600, 4600, 1, 0, 0, 0, 0, 0]', 46),
(150994991, 9, 47, '[0, 4700, 4700, 4700, 4700, 1, 0, 0, 0, 0, 0]', 47),
(150994992, 9, 48, '[0, 4800, 4800, 4800, 4800, 1, 0, 0, 0, 0, 0]', 48),
(150994993, 9, 49, '[0, 4900, 4900, 4900, 4900, 1, 0, 0, 0, 0, 0]', 49),
(150994994, 9, 50, '[0, 5000, 5000, 5000, 5000, 1, 0, 0, 0, 0, 0]', 50),
(150994995, 9, 51, '[0, 5100, 5100, 5100, 5100, 1, 0, 0, 0, 0, 0]', 51),
(150994996, 9, 52, '[0, 5200, 5200, 5200, 5200, 1, 0, 0, 0, 0, 0]', 52),
(150994997, 9, 53, '[0, 5300, 5300, 5300, 5300, 1, 0, 0, 0, 0, 0]', 53),
(150994998, 9, 54, '[0, 5400, 5400, 5400, 5400, 1, 0, 0, 0, 0, 0]', 54),
(150994999, 9, 55, '[0, 5500, 5500, 5500, 5500, 1, 0, 0, 0, 0, 0]', 55),
(150995000, 9, 56, '[0, 5600, 5600, 5600, 5600, 1, 0, 0, 0, 0, 0]', 56),
(150995001, 9, 57, '[0, 5700, 5700, 5700, 5700, 1, 0, 0, 0, 0, 0]', 57),
(150995002, 9, 58, '[0, 5800, 5800, 5800, 5800, 1, 0, 0, 0, 0, 0]', 58),
(150995003, 9, 59, '[0, 5900, 5900, 5900, 5900, 1, 0, 0, 0, 0, 0]', 59),
(150995004, 9, 60, '[0, 6000, 6000, 6000, 6000, 1, 0, 0, 0, 0, 0]', 60),
(150995005, 9, 61, '[0, 6100, 6100, 6100, 6100, 1, 0, 0, 0, 0, 0]', 61),
(150995006, 9, 62, '[0, 6200, 6200, 6200, 6200, 1, 0, 0, 0, 0, 0]', 62),
(150995007, 9, 63, '[0, 6300, 6300, 6300, 6300, 1, 0, 0, 0, 0, 0]', 63),
(150995008, 9, 64, '[0, 6400, 6400, 6400, 6400, 1, 0, 0, 0, 0, 0]', 64),
(150995009, 9, 65, '[0, 6500, 6500, 6500, 6500, 1, 0, 0, 0, 0, 0]', 65),
(150995010, 9, 66, '[0, 6600, 6600, 6600, 6600, 1, 0, 0, 0, 0, 0]', 66),
(150995011, 9, 67, '[0, 6700, 6700, 6700, 6700, 1, 0, 0, 0, 0, 0]', 67),
(150995012, 9, 68, '[0, 6800, 6800, 6800, 6800, 1, 0, 0, 0, 0, 0]', 68),
(150995013, 9, 69, '[0, 6900, 6900, 6900, 6900, 1, 0, 0, 0, 0, 0]', 69),
(150995014, 9, 70, '[0, 7000, 7000, 7000, 7000, 1, 0, 0, 0, 0, 0]', 70),
(150995015, 9, 71, '[0, 7100, 7100, 7100, 7100, 1, 0, 0, 0, 0, 0]', 71),
(150995016, 9, 72, '[0, 7200, 7200, 7200, 7200, 1, 0, 0, 0, 0, 0]', 72),
(150995017, 9, 73, '[0, 7300, 7300, 7300, 7300, 1, 0, 0, 0, 0, 0]', 73),
(150995018, 9, 74, '[0, 7400, 7400, 7400, 7400, 1, 0, 0, 0, 0, 0]', 74),
(150995019, 9, 75, '[0, 7500, 7500, 7500, 7500, 1, 0, 0, 0, 0, 0]', 75),
(150995020, 9, 76, '[0, 7600, 7600, 7600, 7600, 1, 0, 0, 0, 0, 0]', 76),
(150995021, 9, 77, '[0, 7700, 7700, 7700, 7700, 1, 0, 0, 0, 0, 0]', 77),
(150995022, 9, 78, '[0, 7800, 7800, 7800, 7800, 1, 0, 0, 0, 0, 0]', 78),
(150995023, 9, 79, '[0, 7900, 7900, 7900, 7900, 1, 0, 0, 0, 0, 0]', 79),
(150995024, 9, 80, '[0, 8000, 8000, 8000, 8000, 1, 0, 0, 0, 0, 0]', 80),
(150995025, 9, 81, '[0, 8100, 8100, 8100, 8100, 1, 0, 0, 0, 0, 0]', 81),
(150995026, 9, 82, '[0, 8200, 8200, 8200, 8200, 1, 0, 0, 0, 0, 0]', 82),
(150995027, 9, 83, '[0, 8300, 8300, 8300, 8300, 1, 0, 0, 0, 0, 0]', 83),
(150995028, 9, 84, '[0, 8400, 8400, 8400, 8400, 1, 0, 0, 0, 0, 0]', 84),
(150995029, 9, 85, '[0, 8500, 8500, 8500, 8500, 1, 0, 0, 0, 0, 0]', 85),
(150995030, 9, 86, '[0, 8600, 8600, 8600, 8600, 1, 0, 0, 0, 0, 0]', 86),
(150995031, 9, 87, '[0, 8700, 8700, 8700, 8700, 1, 0, 0, 0, 0, 0]', 87),
(150995032, 9, 88, '[0, 8800, 8800, 8800, 8800, 1, 0, 0, 0, 0, 0]', 88),
(150995033, 9, 89, '[0, 8900, 8900, 8900, 8900, 1, 0, 0, 0, 0, 0]', 89),
(150995034, 9, 90, '[0, 9000, 9000, 9000, 9000, 1, 0, 0, 0, 0, 0]', 90),
(150995035, 9, 91, '[0, 9100, 9100, 9100, 9100, 1, 0, 0, 0, 0, 0]', 91),
(150995036, 9, 92, '[0, 9200, 9200, 9200, 9200, 1, 0, 0, 0, 0, 0]', 92),
(150995037, 9, 93, '[0, 9300, 9300, 9300, 9300, 1, 0, 0, 0, 0, 0]', 93),
(150995038, 9, 94, '[0, 9400, 9400, 9400, 9400, 1, 0, 0, 0, 0, 0]', 94),
(150995039, 9, 95, '[0, 9500, 9500, 9500, 9500, 1, 0, 0, 0, 0, 0]', 95),
(150995040, 9, 96, '[0, 9600, 9600, 9600, 9600, 1, 0, 0, 0, 0, 0]', 96),
(150995041, 9, 97, '[0, 9700, 9700, 9700, 9700, 1, 0, 0, 0, 0, 0]', 97),
(150995042, 9, 98, '[0, 9800, 9800, 9800, 9800, 1, 0, 0, 0, 0, 0]', 98),
(150995043, 9, 99, '[0, 9900, 9900, 9900, 9900, 1, 0, 0, 0, 0, 0]', 99),
(150995044, 9, 100, '[0, 10000, 10000, 10000, 10000, 1, 0, 0, 0, 0, 0]', 100);

-- --------------------------------------------------------

--
-- 表的结构 `player_base`
--

CREATE TABLE `player_base` (
  `level` int(10) UNSIGNED NOT NULL,
  `lvUpExp` bigint(20) UNSIGNED NOT NULL,
  `recoveryHPRate` double NOT NULL,
  `recoveryHPValue` double NOT NULL,
  `recoveryMPRate` double NOT NULL,
  `recoveryMPValue` double NOT NULL
) ENGINE=InnoDB DEFAULT CHARSET=utf8mb4 COLLATE=utf8mb4_0900_ai_ci;

--
-- 转存表中的数据 `player_base`
--

INSERT INTO `player_base` (`level`, `lvUpExp`, `recoveryHPRate`, `recoveryHPValue`, `recoveryMPRate`, `recoveryMPValue`) VALUES
(1, 100, 0.1, 1, 0.1, 1),
(2, 200, 0.1, 1, 0.1, 1),
(3, 300, 0.1, 1, 0.1, 1),
(4, 400, 0.1, 1, 0.1, 1),
(5, 500, 0.1, 1, 0.1, 1),
(6, 600, 0.1, 1, 0.1, 1),
(7, 700, 0.1, 1, 0.1, 1),
(8, 800, 0.1, 1, 0.1, 1),
(9, 900, 0.1, 1, 0.1, 1),
(10, 1000, 0.1, 1, 0.1, 1),
(11, 1100, 0.1, 1, 0.1, 1),
(12, 1200, 0.1, 1, 0.1, 1),
(13, 1300, 0.1, 1, 0.1, 1),
(14, 1400, 0.1, 1, 0.1, 1),
(15, 1500, 0.1, 1, 0.1, 1),
(16, 1600, 0.1, 1, 0.1, 1),
(17, 1700, 0.1, 1, 0.1, 1),
(18, 1800, 0.1, 1, 0.1, 1),
(19, 1900, 0.1, 1, 0.1, 1),
(20, 2000, 0.1, 1, 0.1, 1),
(21, 2100, 0.1, 1, 0.1, 1),
(22, 2200, 0.1, 1, 0.1, 1),
(23, 2300, 0.1, 1, 0.1, 1),
(24, 2400, 0.1, 1, 0.1, 1),
(25, 2500, 0.1, 1, 0.1, 1),
(26, 2600, 0.1, 1, 0.1, 1),
(27, 2700, 0.1, 1, 0.1, 1),
(28, 2800, 0.1, 1, 0.1, 1),
(29, 2900, 0.1, 1, 0.1, 1),
(30, 3000, 0.1, 1, 0.1, 1),
(31, 3100, 0.1, 1, 0.1, 1),
(32, 3200, 0.1, 1, 0.1, 1),
(33, 3300, 0.1, 1, 0.1, 1),
(34, 3400, 0.1, 1, 0.1, 1),
(35, 3500, 0.1, 1, 0.1, 1),
(36, 3600, 0.1, 1, 0.1, 1),
(37, 3700, 0.1, 1, 0.1, 1),
(38, 3800, 0.1, 1, 0.1, 1),
(39, 3900, 0.1, 1, 0.1, 1),
(40, 4000, 0.1, 1, 0.1, 1),
(41, 4100, 0.1, 1, 0.1, 1),
(42, 4200, 0.1, 1, 0.1, 1),
(43, 4300, 0.1, 1, 0.1, 1),
(44, 4400, 0.1, 1, 0.1, 1),
(45, 4500, 0.1, 1, 0.1, 1),
(46, 4600, 0.1, 1, 0.1, 1),
(47, 4700, 0.1, 1, 0.1, 1),
(48, 4800, 0.1, 1, 0.1, 1),
(49, 4900, 0.1, 1, 0.1, 1),
(50, 5000, 0.1, 1, 0.1, 1),
(51, 5100, 0.1, 1, 0.1, 1),
(52, 5200, 0.1, 1, 0.1, 1),
(53, 5300, 0.1, 1, 0.1, 1),
(54, 5400, 0.1, 1, 0.1, 1),
(55, 5500, 0.1, 1, 0.1, 1),
(56, 5600, 0.1, 1, 0.1, 1),
(57, 5700, 0.1, 1, 0.1, 1),
(58, 5800, 0.1, 1, 0.1, 1),
(59, 5900, 0.1, 1, 0.1, 1),
(60, 6000, 0.1, 1, 0.1, 1),
(61, 6100, 0.1, 1, 0.1, 1),
(62, 6200, 0.1, 1, 0.1, 1),
(63, 6300, 0.1, 1, 0.1, 1),
(64, 6400, 0.1, 1, 0.1, 1),
(65, 6500, 0.1, 1, 0.1, 1),
(66, 6600, 0.1, 1, 0.1, 1),
(67, 6700, 0.1, 1, 0.1, 1),
(68, 6800, 0.1, 1, 0.1, 1),
(69, 6900, 0.1, 1, 0.1, 1),
(70, 7000, 0.1, 1, 0.1, 1),
(71, 7100, 0.1, 1, 0.1, 1),
(72, 7200, 0.1, 1, 0.1, 1),
(73, 7300, 0.1, 1, 0.1, 1),
(74, 7400, 0.1, 1, 0.1, 1),
(75, 7500, 0.1, 1, 0.1, 1),
(76, 7600, 0.1, 1, 0.1, 1),
(77, 7700, 0.1, 1, 0.1, 1),
(78, 7800, 0.1, 1, 0.1, 1),
(79, 7900, 0.1, 1, 0.1, 1),
(80, 8000, 0.1, 1, 0.1, 1),
(81, 8100, 0.1, 1, 0.1, 1),
(82, 8200, 0.1, 1, 0.1, 1),
(83, 8300, 0.1, 1, 0.1, 1),
(84, 8400, 0.1, 1, 0.1, 1),
(85, 8500, 0.1, 1, 0.1, 1),
(86, 8600, 0.1, 1, 0.1, 1),
(87, 8700, 0.1, 1, 0.1, 1),
(88, 8800, 0.1, 1, 0.1, 1),
(89, 8900, 0.1, 1, 0.1, 1),
(90, 9000, 0.1, 1, 0.1, 1),
(91, 9100, 0.1, 1, 0.1, 1),
(92, 9200, 0.1, 1, 0.1, 1),
(93, 9300, 0.1, 1, 0.1, 1),
(94, 9400, 0.1, 1, 0.1, 1),
(95, 9500, 0.1, 1, 0.1, 1),
(96, 9600, 0.1, 1, 0.1, 1),
(97, 9700, 0.1, 1, 0.1, 1),
(98, 9800, 0.1, 1, 0.1, 1),
(99, 9900, 0.1, 1, 0.1, 1),
(100, 10000, 0.1, 1, 0.1, 1);

-- --------------------------------------------------------

--
-- 表的结构 `quest_creature_visible`
--

CREATE TABLE `quest_creature_visible` (
  `Id` bigint(20) UNSIGNED NOT NULL,
  `questTypeID` int(10) UNSIGNED NOT NULL,
  `questWhenType` tinyint(4) NOT NULL,
  `isVisible` tinyint(1) NOT NULL,
  `spawnIDs` json NOT NULL
) ENGINE=InnoDB DEFAULT CHARSET=utf8mb4 COLLATE=utf8mb4_0900_ai_ci;

-- --------------------------------------------------------

--
-- 表的结构 `quest_prototype`
--

CREATE TABLE `quest_prototype` (
  `questTypeID` int(10) UNSIGNED NOT NULL,
  `questClass` int(10) UNSIGNED NOT NULL,
  `questFlags` json NOT NULL,
  `questPublisher` json NOT NULL,
  `questVerifier` json NOT NULL,
  `questGuider` json NOT NULL,
  `questTimeMax` int(10) UNSIGNED NOT NULL,
  `questRepeatType` int(10) UNSIGNED NOT NULL,
  `questRepeatMax` int(10) UNSIGNED NOT NULL,
  `questReqMinLv` int(10) UNSIGNED NOT NULL,
  `questReqMaxLv` int(10) UNSIGNED NOT NULL,
  `questReqCareer` int(10) UNSIGNED NOT NULL,
  `questReqGender` int(10) UNSIGNED NOT NULL,
  `questReqQuests` json NOT NULL,
  `questReqCheques` json NOT NULL,
  `questReqItems` json NOT NULL,
  `questReqQuestion` json NOT NULL,
  `questReqExtra` json NOT NULL,
  `questInitCheques` json NOT NULL,
  `questInitItems` json NOT NULL,
  `questInitExtra` json NOT NULL,
  `questRewardCheques` json NOT NULL,
  `questRewardItems` json NOT NULL,
  `questRewardExtra` json NOT NULL,
  `questScripts` json NOT NULL,
  `questConditions` json NOT NULL
) ENGINE=InnoDB DEFAULT CHARSET=utf8mb4 COLLATE=utf8mb4_0900_ai_ci;

--
-- 转存表中的数据 `quest_prototype`
--

INSERT INTO `quest_prototype` (`questTypeID`, `questClass`, `questFlags`, `questPublisher`, `questVerifier`, `questGuider`, `questTimeMax`, `questRepeatType`, `questRepeatMax`, `questReqMinLv`, `questReqMaxLv`, `questReqCareer`, `questReqGender`, `questReqQuests`, `questReqCheques`, `questReqItems`, `questReqQuestion`, `questReqExtra`, `questInitCheques`, `questInitItems`, `questInitExtra`, `questRewardCheques`, `questRewardItems`, `questRewardExtra`, `questScripts`, `questConditions`) VALUES
(10, 1, '{\"isAutoAccept\": true, \"isAutoSubmit\": true, \"isWatchStatus\": true}', '{}', '{}', '{}', 0, 0, 0, 0, 0, 0, 0, '[]', '[]', '[]', 'null', '{}', '[{\"isRetrieve\": true, \"chequeValue\": 1000}]', '[{\"isBinding\": true, \"itemCount\": 1, \"isRetrieve\": true, \"itemTypeID\": 6}]', '{}', '[{\"chequeType\": 1, \"chequeValue\": 100}, {\"chequeValue\": 10000}]', '[{\"isBinding\": true, \"itemCount\": 1, \"itemTypeID\": 5}]', '{}', '[{}, {}, {}, {}, {}]', '[{\"forNavInfo\": {}, \"conditionId\": 3, \"conditionNum\": 8, \"conditionArgs\": [4], \"conditionType\": 2}]'),
(11, 1, '{\"isAutoAccept\": true, \"isAutoSubmit\": true, \"isWatchStatus\": true}', '{}', '{}', '{}', 0, 0, 0, 0, 0, 0, 0, '[10]', '[{\"chequeValue\": 1}]', '[{\"itemCount\": 1}]', 'null', '{}', '[{\"isRetrieve\": true, \"chequeValue\": 1000}]', '[{\"isBinding\": true, \"itemCount\": 1, \"isRetrieve\": true, \"itemTypeID\": 6}]', '{}', '[{\"chequeType\": 1, \"chequeValue\": 100}]', '[{\"isBinding\": true, \"itemCount\": 1, \"itemTypeID\": 5}]', '{}', '[{}, {}, {}, {}, {}]', '[{\"forNavInfo\": {}, \"conditionId\": 4, \"conditionNum\": 8, \"conditionArgs\": [4], \"conditionType\": 2}]'),
(12, 1, '{\"isAutoAccept\": true, \"isAutoSubmit\": true, \"isWatchStatus\": true}', '{}', '{}', '{}', 0, 0, 0, 0, 0, 0, 0, '[11]', '[{\"chequeValue\": 1}]', '[{\"itemCount\": 1}]', 'null', '{}', '[{\"isRetrieve\": true, \"chequeValue\": 1000}]', '[{\"isBinding\": true, \"itemCount\": 1, \"isRetrieve\": true, \"itemTypeID\": 6}]', '{}', '[{\"chequeType\": 1, \"chequeValue\": 100}]', '[{\"isBinding\": true, \"itemCount\": 1, \"itemTypeID\": 5}]', '{}', '[{}, {}, {}, {}, {}]', '[{\"forNavInfo\": {}, \"conditionId\": 5, \"conditionNum\": 8, \"conditionArgs\": [4], \"conditionType\": 2}]'),
(13, 1, '{\"isAutoAccept\": true, \"isAutoSubmit\": true, \"isWatchStatus\": true}', '{}', '{}', '{}', 0, 0, 0, 0, 0, 0, 0, '[12]', '[{\"chequeValue\": 1}]', '[{\"itemCount\": 1}]', 'null', '{}', '[{\"isRetrieve\": true, \"chequeValue\": 1000}]', '[{\"isBinding\": true, \"itemCount\": 1, \"isRetrieve\": true, \"itemTypeID\": 6}]', '{}', '[{\"chequeType\": 1, \"chequeValue\": 100}]', '[{\"isBinding\": true, \"itemCount\": 1, \"itemTypeID\": 5}]', '{}', '[{}, {}, {}, {}, {}]', '[{\"forNavInfo\": {}, \"conditionId\": 6, \"conditionNum\": 8, \"conditionArgs\": [4], \"conditionType\": 2}]'),
(14, 1, '{\"isAutoAccept\": true, \"isAutoSubmit\": true, \"isWatchStatus\": true}', '{}', '{}', '{}', 0, 0, 0, 0, 0, 0, 0, '[13]', '[{\"chequeValue\": 1}]', '[{\"itemCount\": 1}]', 'null', '{}', '[{\"isRetrieve\": true, \"chequeValue\": 1000}]', '[{\"isBinding\": true, \"itemCount\": 1, \"isRetrieve\": true, \"itemTypeID\": 6}]', '{}', '[{\"chequeType\": 1, \"chequeValue\": 100}]', '[{\"isBinding\": true, \"itemCount\": 1, \"itemTypeID\": 5}]', '{}', '[{}, {}, {}, {}, {}]', '[{\"forNavInfo\": {}, \"conditionId\": 7, \"conditionNum\": 8, \"conditionArgs\": [4], \"conditionType\": 2}]'),
(15, 1, '{\"isAutoAccept\": true, \"isAutoSubmit\": true, \"isWatchStatus\": true}', '{}', '{}', '{}', 0, 0, 0, 0, 0, 0, 0, '[14]', '[]', '[]', 'null', '{}', '[{\"isRetrieve\": true, \"chequeValue\": 1000}]', '[{\"isBinding\": true, \"itemCount\": 1, \"isRetrieve\": true, \"itemTypeID\": 6}]', '{}', '[{\"chequeType\": 1, \"chequeValue\": 100}]', '[{\"isBinding\": true, \"itemCount\": 1, \"itemTypeID\": 5}]', '{}', '[{}, {}, {}, {}, {}]', '[{\"forNavInfo\": {}, \"conditionId\": 8, \"conditionNum\": 8, \"conditionArgs\": [4], \"conditionType\": 2}]');

-- --------------------------------------------------------

--
-- 表的结构 `quest_question`
--

CREATE TABLE `quest_question` (
  `Id` int(10) UNSIGNED NOT NULL
) ENGINE=InnoDB DEFAULT CHARSET=utf8mb4 COLLATE=utf8mb4_0900_ai_ci;

--
-- 转存表中的数据 `quest_question`
--

INSERT INTO `quest_question` (`Id`) VALUES
(1),
(2);

-- --------------------------------------------------------

--
-- 表的结构 `scriptable`
--

CREATE TABLE `scriptable` (
  `scriptId` int(10) UNSIGNED NOT NULL,
  `scriptType` int(10) UNSIGNED NOT NULL,
  `scriptFile` varchar(256) NOT NULL
) ENGINE=InnoDB DEFAULT CHARSET=utf8mb4 COLLATE=utf8mb4_0900_ai_ci;

--
-- 转存表中的数据 `scriptable`
--

INSERT INTO `scriptable` (`scriptId`, `scriptType`, `scriptFile`) VALUES
(1, 1, 'graphml/sample.graphml.lua'),
(2, 1, 'graphml/sample1.graphml.lua'),
(3, 1, 'graphml/sample2.graphml.lua'),
(4, 12, 'scripts/SObj/Play/TeleportDoor.lua');

-- --------------------------------------------------------

--
-- 表的结构 `shop_prototype`
--

CREATE TABLE `shop_prototype` (
  `Id` int(10) UNSIGNED NOT NULL,
  `shopType` int(10) UNSIGNED NOT NULL,
  `itemTypeID` int(10) UNSIGNED NOT NULL,
  `itemCount` int(10) UNSIGNED NOT NULL,
  `itemFlags` int(10) UNSIGNED NOT NULL,
  `currencyType` int(10) UNSIGNED NOT NULL,
  `sellPrice` int(10) UNSIGNED NOT NULL,
  `discountPrice` int(10) UNSIGNED NOT NULL,
  `bundleNumMax` int(10) UNSIGNED NOT NULL,
  `genderLimit` int(10) UNSIGNED NOT NULL,
  `careerLimit` int(10) UNSIGNED NOT NULL,
  `dailyBuyLimit` int(10) UNSIGNED NOT NULL,
  `weeklyBuyLimit` int(10) UNSIGNED NOT NULL
) ENGINE=InnoDB DEFAULT CHARSET=utf8mb4 COLLATE=utf8mb4_0900_ai_ci;

-- --------------------------------------------------------

--
-- 表的结构 `sobj_prototype`
--

CREATE TABLE `sobj_prototype` (
  `sobjTypeId` int(10) UNSIGNED NOT NULL,
  `sobjFlags` json NOT NULL,
  `minRespawnTime` int(10) UNSIGNED NOT NULL,
  `maxRespawnTime` int(10) UNSIGNED NOT NULL,
  `teleportPointID` int(10) UNSIGNED NOT NULL,
  `teleportDelayTime` int(10) UNSIGNED NOT NULL,
  `lootSetID` int(10) UNSIGNED NOT NULL,
  `mineSpellID` int(10) UNSIGNED NOT NULL,
  `mineSpellLv` int(10) UNSIGNED NOT NULL,
  `mineAnimTime` int(10) UNSIGNED NOT NULL,
  `mineCostItems` json NOT NULL,
  `sobjReqQuestDoing` int(10) UNSIGNED NOT NULL,
  `radius` float NOT NULL,
  `spawnScriptId` int(10) UNSIGNED NOT NULL,
  `spawnScriptArgs` text NOT NULL,
  `playScriptId` int(10) UNSIGNED NOT NULL,
  `playScriptArgs` text NOT NULL
) ENGINE=InnoDB DEFAULT CHARSET=utf8mb4 COLLATE=utf8mb4_0900_ai_ci;

--
-- 转存表中的数据 `sobj_prototype`
--

INSERT INTO `sobj_prototype` (`sobjTypeId`, `sobjFlags`, `minRespawnTime`, `maxRespawnTime`, `teleportPointID`, `teleportDelayTime`, `lootSetID`, `mineSpellID`, `mineSpellLv`, `mineAnimTime`, `mineCostItems`, `sobjReqQuestDoing`, `radius`, `spawnScriptId`, `spawnScriptArgs`, `playScriptId`, `playScriptArgs`) VALUES
(1, '{\"isPlayerInteresting\": true}', 0, 0, 2, 1000, 0, 0, 1, 0, '[{\"itemNum\": 1}]', 0, 1.5, 0, '', 4, '2,1000'),
(2, '{\"isPlayerInteresting\": true}', 0, 0, 1, 1000, 0, 0, 1, 0, '[{\"itemNum\": 1}]', 0, 1.5, 0, '', 4, '1,1000'),
(3, '{\"isRemoveAfterMineDone\": true}', 1000, 3000, 0, 0, 3, 7, 1, 10000, '[{\"itemNum\": 1}]', 0, 1.5, 0, '', 0, '');

-- --------------------------------------------------------

--
-- 表的结构 `spell_info`
--

CREATE TABLE `spell_info` (
  `spellID` int(10) UNSIGNED NOT NULL,
  `spellIcon` varchar(256) NOT NULL,
  `spellFlags` json NOT NULL,
  `spellBuffType` tinyint(3) UNSIGNED NOT NULL,
  `spellCooldownType` tinyint(3) UNSIGNED NOT NULL,
  `spellTargetType` tinyint(3) UNSIGNED NOT NULL,
  `spellPassiveMode` tinyint(3) UNSIGNED NOT NULL,
  `spellPassiveBy` tinyint(3) UNSIGNED NOT NULL,
  `spellPassiveArgs` json NOT NULL,
  `spellPassiveChance` float NOT NULL,
  `spellLimitCareer` int(10) UNSIGNED NOT NULL,
  `spellLimitMapType` int(10) UNSIGNED NOT NULL,
  `spellLimitMapID` int(10) UNSIGNED NOT NULL,
  `spellLimitScriptID` int(10) UNSIGNED NOT NULL,
  `spellLimitScriptArgs` text NOT NULL,
  `spellInterruptBys` int(10) UNSIGNED NOT NULL,
  `spellStageTime` json NOT NULL
) ENGINE=InnoDB DEFAULT CHARSET=utf8mb4 COLLATE=utf8mb4_0900_ai_ci;

--
-- 转存表中的数据 `spell_info`
--

INSERT INTO `spell_info` (`spellID`, `spellIcon`, `spellFlags`, `spellBuffType`, `spellCooldownType`, `spellTargetType`, `spellPassiveMode`, `spellPassiveBy`, `spellPassiveArgs`, `spellPassiveChance`, `spellLimitCareer`, `spellLimitMapType`, `spellLimitMapID`, `spellLimitScriptID`, `spellLimitScriptArgs`, `spellInterruptBys`, `spellStageTime`) VALUES
(1, '', '{\"isExclusive\": true, \"isSync2Client\": true, \"isSync2AllClient\": true}', 0, 0, 2, 0, 0, '[0]', 0, 0, 0, 0, 0, '', 0, '[0, 1000, 300]'),
(2, '', '{\"isExclusive\": true, \"isSync2Client\": true, \"isSync2AllClient\": true}', 0, 0, 2, 0, 0, '[0]', 0, 0, 0, 0, 0, '', 0, '[0, 1000, 300]'),
(3, '', '{\"isExclusive\": true, \"isSync2Client\": true, \"isSync2AllClient\": true}', 0, 0, 0, 0, 0, '[0]', 0, 0, 0, 0, 0, '', 0, '[0, 1000, 300]'),
(4, '', '{\"isExclusive\": true, \"isSync2Client\": true, \"isSync2AllClient\": true}', 0, 0, 2, 0, 0, '[0]', 0, 0, 0, 0, 0, '', 0, '[0, 1000, 300]'),
(5, '', '{\"isExclusive\": true, \"isSync2Client\": true, \"isSync2AllClient\": true}', 0, 0, 2, 0, 0, '[0]', 0, 0, 0, 0, 0, '', 0, '[0, 1000, 300]'),
(6, '', '{\"isExclusive\": true, \"isSync2Client\": true, \"isSync2AllClient\": true}', 0, 0, 2, 0, 0, '[0]', 0, 0, 0, 0, 0, '', 0, '[0, 1000, 300]'),
(7, '', '{\"isExclusive\": true, \"isSync2Client\": true, \"isSync2AllClient\": true}', 0, 0, 0, 0, 0, '[0]', 0, 0, 0, 0, 0, '', 0, '[0, 0, 0]'),
(8, '', '{\"isExclusive\": true, \"isSync2Client\": true, \"isSync2AllClient\": true}', 0, 0, 0, 0, 0, '[0]', 0, 0, 0, 0, 0, '', 0, '[100, 2000, 500]'),
(9, '', '{\"isExclusive\": true, \"isSync2Client\": true, \"isSync2AllClient\": true}', 0, 0, 0, 0, 0, '[0]', 0, 0, 0, 0, 0, '', 0, '[100, 2000, 500]');

-- --------------------------------------------------------

--
-- 表的结构 `spell_level_effect_info`
--

CREATE TABLE `spell_level_effect_info` (
  `spellLevelEffectID` int(10) UNSIGNED NOT NULL,
  `spellID` int(10) UNSIGNED NOT NULL,
  `spellLevelID` int(10) UNSIGNED NOT NULL,
  `spellEffectFlags` json NOT NULL,
  `spellStageTrigger` tinyint(3) UNSIGNED NOT NULL,
  `spellDelayTrigger` int(10) UNSIGNED NOT NULL,
  `spellSelectType` tinyint(3) UNSIGNED NOT NULL,
  `spellSelectMode` tinyint(3) UNSIGNED NOT NULL,
  `spellSelectArgs` json NOT NULL,
  `spellSelectNumber` int(10) UNSIGNED NOT NULL,
  `spellDelayEffective` int(10) UNSIGNED NOT NULL,
  `spellEffectiveChance` float NOT NULL,
  `spellEffectStyle` int(10) UNSIGNED NOT NULL,
  `spellEffectType` int(10) UNSIGNED NOT NULL,
  `spellEffectArgs` text NOT NULL
) ENGINE=InnoDB DEFAULT CHARSET=utf8mb4 COLLATE=utf8mb4_0900_ai_ci;

--
-- 转存表中的数据 `spell_level_effect_info`
--

INSERT INTO `spell_level_effect_info` (`spellLevelEffectID`, `spellID`, `spellLevelID`, `spellEffectFlags`, `spellStageTrigger`, `spellDelayTrigger`, `spellSelectType`, `spellSelectMode`, `spellSelectArgs`, `spellSelectNumber`, `spellDelayEffective`, `spellEffectiveChance`, `spellEffectStyle`, `spellEffectType`, `spellEffectArgs`) VALUES
(97, 65, 83, '{}', 0, 0, 0, 0, 'null', 0, 0, 0, 0, 0, ''),
(98, 1, 84, '{\"isSync2Client\": true, \"isSync2AllClient\": true}', 2, 0, 3, 0, '[0]', 1, 0, 1, 0, 1, '1,0'),
(99, 2, 85, '{\"isSync2Client\": true, \"isSync2AllClient\": true}', 2, 0, 3, 0, '[0]', 1, 0, 1, 0, 1, '1,50'),
(100, 3, 86, '{\"isSync2Client\": true, \"isSync2AllClient\": true}', 2, 0, 5, 0, '[10]', 9, 0, 1, 0, 1, '1,999999999'),
(101, 4, 87, '{\"isSync2Client\": true, \"isSync2AllClient\": true}', 2, 0, 3, 0, '[0]', 1, 0, 1, 0, 1, '1,0'),
(102, 5, 88, '{\"isSync2Client\": true, \"isSync2AllClient\": true}', 2, 0, 3, 0, '[0]', 1, 0, 1, 0, 1, '1,0'),
(103, 6, 89, '{\"isSync2Client\": true, \"isSync2AllClient\": true}', 2, 0, 3, 0, '[0]', 1, 0, 1, 0, 1, '1,0'),
(104, 7, 90, '{}', 2, 0, 1, 0, '[0]', 0, 0, 0, 0, 501, ''),
(105, 8, 91, '{}', 0, 0, 0, 0, '[0]', 0, 0, 0, 0, 0, ''),
(106, 9, 92, '{}', 0, 0, 0, 0, '[0]', 0, 0, 0, 0, 0, '');

-- --------------------------------------------------------

--
-- 表的结构 `spell_level_info`
--

CREATE TABLE `spell_level_info` (
  `spellLevelID` int(10) UNSIGNED NOT NULL,
  `spellID` int(10) UNSIGNED NOT NULL,
  `spellLimitLevel` int(10) UNSIGNED NOT NULL,
  `spellCastDistMin` float NOT NULL,
  `spellCastDistMax` float NOT NULL,
  `spellEvalScore` int(10) UNSIGNED NOT NULL,
  `spellCostHP` int(10) UNSIGNED NOT NULL,
  `spellCostHPRate` float NOT NULL,
  `spellCostMP` int(10) UNSIGNED NOT NULL,
  `spellCostMPRate` float NOT NULL,
  `spellCDTime` int(10) UNSIGNED NOT NULL
) ENGINE=InnoDB DEFAULT CHARSET=utf8mb4 COLLATE=utf8mb4_0900_ai_ci;

--
-- 转存表中的数据 `spell_level_info`
--

INSERT INTO `spell_level_info` (`spellLevelID`, `spellID`, `spellLimitLevel`, `spellCastDistMin`, `spellCastDistMax`, `spellEvalScore`, `spellCostHP`, `spellCostHPRate`, `spellCostMP`, `spellCostMPRate`, `spellCDTime`) VALUES
(83, 65, 0, 0, 0, 0, 0, 0, 0, 0, 0),
(84, 1, 0, 0, 2.1, 1, 0, 0, 0, 0, 0),
(85, 2, 0, 0, 2.1, 10, 0, 0, 0, 0, 5000),
(86, 3, 0, 0, 0, 10, 0, 0, 0, 0, 5000),
(87, 4, 0, 0, 2.1, 1, 0, 0, 0, 0, 10000),
(88, 5, 0, 0, 0, 1, 0, 0, 0, 0, 0),
(89, 6, 0, 0, 0, 1, 0, 0, 0, 0, 0),
(90, 7, 0, 0, 0, 0, 0, 0, 0, 0, 0),
(91, 8, 0, 0, 0, 0, 0, 0, 0, 0, 0),
(92, 9, 0, 0, 0, 0, 0, 0, 0, 0, 0);

-- --------------------------------------------------------

--
-- 表的结构 `staticobject_spawn`
--

CREATE TABLE `staticobject_spawn` (
  `spawnId` int(10) UNSIGNED NOT NULL,
  `flags` json NOT NULL,
  `entry` int(10) UNSIGNED NOT NULL,
  `map_id` int(10) UNSIGNED NOT NULL,
  `map_type` int(10) UNSIGNED NOT NULL,
  `x` float NOT NULL,
  `y` float NOT NULL,
  `z` float NOT NULL,
  `o` float NOT NULL,
  `radius` float NOT NULL
) ENGINE=InnoDB DEFAULT CHARSET=utf8mb4 COLLATE=utf8mb4_0900_ai_ci;

--
-- 转存表中的数据 `staticobject_spawn`
--

INSERT INTO `staticobject_spawn` (`spawnId`, `flags`, `entry`, `map_id`, `map_type`, `x`, `y`, `z`, `o`, `radius`) VALUES
(1, '{\"isRespawn\": true}', 3, 2, 1, -58, 0, -63, 0, 2),
(2, '{\"isRespawn\": true}', 3, 1, 1, 56, 0, -48, 0, 2),
(3, '{\"isRespawn\": true}', 3, 2, 1, -69, 0, -18, 0, 2),
(4, '{\"isRespawn\": true}', 3, 1, 1, -85, 0, 86, 0, 2),
(5, '{\"isRespawn\": true}', 3, 2, 1, 6, 0, 60, 0, 2),
(6, '{\"isRespawn\": true}', 3, 2, 1, 34, 0, -44, 0, 2),
(7, '{\"isRespawn\": true}', 3, 1, 1, 85, 0, 0, 0, 2),
(8, '{\"isRespawn\": true}', 3, 1, 1, -81, 0, -12, 0, 2),
(9, '{\"isRespawn\": true}', 3, 1, 1, 13, 0, -44, 0, 2),
(10, '{\"isRespawn\": true}', 3, 2, 1, -70, 0, -24, 0, 2),
(101, 'null', 1, 1, 1, 30, 0, 30, 0, 2),
(102, 'null', 2, 2, 1, 30, 0, 30, 0, 2);

-- --------------------------------------------------------

--
-- 表的结构 `string_text_list`
--

CREATE TABLE `string_text_list` (
  `stringID` int(10) UNSIGNED NOT NULL,
  `stringEN` text,
  `stringCN` text
) ENGINE=InnoDB DEFAULT CHARSET=utf8mb4 COLLATE=utf8mb4_0900_ai_ci;

--
-- 转存表中的数据 `string_text_list`
--

INSERT INTO `string_text_list` (`stringID`, `stringEN`, `stringCN`) VALUES
(16777216, NULL, NULL),
(16777217, NULL, NULL),
(16777218, NULL, NULL),
(16777219, NULL, NULL),
(16777220, NULL, NULL),
(16777221, NULL, NULL),
(16777222, NULL, NULL),
(16777223, NULL, NULL),
(16777224, NULL, NULL),
(16777225, NULL, NULL),
(16777226, NULL, NULL),
(16777227, NULL, NULL),
(16777228, NULL, NULL),
(16777229, NULL, NULL),
(16777230, NULL, NULL),
(16777231, NULL, NULL),
(16777232, NULL, NULL),
(16777233, NULL, NULL),
(16777234, NULL, NULL),
(16777235, NULL, NULL),
(16777236, NULL, NULL),
(16777237, NULL, NULL),
(16777238, NULL, NULL),
(16777239, NULL, NULL),
(16777240, NULL, NULL),
(16777241, NULL, NULL),
(16777242, NULL, NULL),
(16777243, NULL, NULL),
(16777244, NULL, NULL),
(16777245, NULL, NULL),
(16777246, NULL, NULL),
(16777247, NULL, NULL),
(16777248, NULL, NULL),
(16777249, NULL, NULL),
(16777250, NULL, '角色无效'),
(16777251, NULL, '角色不在线'),
(16777252, NULL, '角色不存在'),
(16777253, NULL, '角色在迁移中…'),
(16777254, NULL, '角色未初始化'),
(16777255, NULL, '角色名已存在'),
(16777256, NULL, '角色名无效'),
(16777257, NULL, '角色名太短'),
(16777258, NULL, '角色名太长'),
(16777259, NULL, '角色名非法'),
(16777260, NULL, '角色数已达上限'),
(16777261, NULL, NULL),
(16777262, NULL, NULL),
(16777263, NULL, NULL),
(16777264, NULL, NULL),
(16777265, NULL, NULL),
(16777266, NULL, NULL),
(16777267, NULL, NULL),
(16777268, NULL, NULL),
(16777269, NULL, NULL),
(16777270, NULL, NULL),
(16777271, NULL, NULL),
(16777272, NULL, NULL),
(16777273, NULL, NULL),
(16777274, NULL, NULL),
(16777275, NULL, NULL),
(16777276, NULL, NULL),
(16777277, NULL, NULL),
(16777278, NULL, NULL),
(16777279, NULL, NULL),
(16777280, NULL, NULL),
(16777281, NULL, NULL),
(16777282, NULL, NULL),
(16777283, NULL, NULL),
(16777284, NULL, NULL),
(16777285, NULL, NULL),
(16777286, NULL, NULL),
(16777287, NULL, NULL),
(16777288, NULL, NULL),
(16777289, NULL, NULL),
(16777290, NULL, NULL),
(16777291, NULL, NULL),
(16777292, NULL, NULL),
(16777293, NULL, NULL),
(16777294, NULL, NULL),
(16777295, NULL, NULL),
(16777296, NULL, NULL),
(16777297, NULL, NULL),
(16777298, NULL, NULL),
(16777299, NULL, NULL),
(16777300, NULL, NULL),
(16777301, NULL, NULL),
(16777302, NULL, NULL),
(16777303, NULL, NULL),
(16777304, NULL, NULL),
(16777305, NULL, NULL),
(16777306, NULL, NULL),
(16777307, NULL, NULL),
(16777308, NULL, NULL),
(16777309, NULL, NULL),
(16777310, NULL, NULL),
(16777311, NULL, NULL),
(16777312, NULL, NULL),
(16777313, NULL, NULL),
(16777314, NULL, NULL),
(16777315, NULL, NULL),
(16777316, NULL, NULL),
(16777317, NULL, NULL),
(16777318, NULL, NULL),
(16777319, NULL, '不在活动时间段'),
(16777320, NULL, '不存在此活动'),
(16777321, NULL, '不在活动时间段'),
(16777322, NULL, '不在活动时间段'),
(16777323, NULL, NULL),
(16777324, NULL, NULL),
(16777325, NULL, NULL),
(16777326, NULL, NULL),
(16777327, NULL, NULL),
(16777328, NULL, NULL),
(16777329, NULL, NULL),
(16777330, NULL, NULL),
(16777331, NULL, NULL),
(16777332, NULL, NULL),
(16777333, NULL, NULL),
(16777334, NULL, NULL),
(16777335, NULL, NULL),
(83886081, NULL, '男角色'),
(83886082, NULL, '女角色'),
(83886083, NULL, '鸡'),
(83886084, NULL, '山羊'),
(83886085, NULL, '野兔'),
(83886086, NULL, '狐狸'),
(83886087, NULL, '螃蟹'),
(83886088, NULL, '剑齿虎'),
(83886089, NULL, '狼'),
(83886090, NULL, '猛马象'),
(83886091, NULL, '强盗'),
(83886092, NULL, '哥布林'),
(100663297, NULL, '男角色原型'),
(100663298, NULL, '女角色原型'),
(100663299, NULL, '鸡'),
(100663300, NULL, '山羊'),
(100663301, NULL, '野兔'),
(100663302, NULL, '狐狸'),
(100663303, NULL, '螃蟹'),
(100663304, NULL, '剑齿虎'),
(100663305, NULL, '狼'),
(100663306, NULL, '猛马象'),
(100663307, NULL, '强盗'),
(100663308, NULL, '哥布林'),
(117440513, NULL, '主城传送'),
(117440514, NULL, '新手村传送'),
(117440515, NULL, '药草'),
(117440520, NULL, '新静物'),
(134217729, NULL, '主城传送'),
(134217730, NULL, '新手村传送'),
(134217731, NULL, '药草'),
(134217736, NULL, '新静物'),
(150994954, NULL, '杀鸡'),
(150994955, NULL, '杀山羊'),
(150994956, NULL, '杀野兔'),
(150994957, NULL, '杀狐狸'),
(150994958, NULL, '杀螃蟹'),
(150994959, NULL, '杀剑齿虎'),
(167772170, NULL, '杀鸡'),
(167772171, NULL, '杀山羊'),
(167772172, NULL, '杀野兔'),
(167772173, NULL, '杀狐狸'),
(167772174, NULL, '杀螃蟹'),
(167772175, NULL, '杀剑齿虎'),
(251658241, NULL, '皮革'),
(251658242, NULL, '破布'),
(251658243, NULL, '刀'),
(251658244, NULL, '肉类'),
(251658245, NULL, '草药'),
(251658246, NULL, '药水'),
(251658266, NULL, '新物品'),
(268435457, NULL, '皮革'),
(268435458, NULL, '破布'),
(268435459, NULL, '刀'),
(268435460, NULL, '肉类'),
(268435461, NULL, '草药'),
(268435462, NULL, '药水'),
(268435482, NULL, '新物品'),
(285212673, NULL, '普攻'),
(285212674, NULL, '强攻'),
(285212675, NULL, '必杀招'),
(285212676, NULL, '连续攻击1段'),
(285212677, NULL, '连续攻击2段'),
(285212678, NULL, '连续攻击3段'),
(285212679, NULL, '采集'),
(285212680, NULL, '咆哮'),
(285212681, NULL, '恐吓'),
(285212737, NULL, '新技能'),
(301989889, NULL, '普攻'),
(301989890, NULL, '强攻'),
(301989891, NULL, '必杀招'),
(301989892, NULL, '连续攻击1段'),
(301989893, NULL, '连续攻击2段'),
(301989894, NULL, '连续攻击3段'),
(301989895, NULL, '采集'),
(301989896, NULL, '咆哮'),
(301989897, NULL, '恐吓'),
(301989953, NULL, '新技能'),
(318767201, NULL, ''),
(318767202, NULL, ''),
(318767203, NULL, ''),
(318767204, NULL, ''),
(318767205, NULL, ''),
(318767206, NULL, ''),
(318767207, NULL, ''),
(318767208, NULL, ''),
(318767209, NULL, ''),
(318767210, NULL, ''),
(335544577, NULL, 'are you ok?'),
(335544578, NULL, 'fine.'),
(335544579, NULL, '1'),
(335544580, NULL, 'no.'),
(335544581, NULL, '1'),
(335544833, NULL, 'are you not ok?'),
(335544834, NULL, 'test'),
(335544835, NULL, '1'),
(335544836, NULL, 'mytest'),
(335544837, NULL, '1');

-- --------------------------------------------------------

--
-- 表的结构 `teleport_point`
--

CREATE TABLE `teleport_point` (
  `Id` int(10) UNSIGNED NOT NULL,
  `name` varchar(128) NOT NULL,
  `map_id` int(10) UNSIGNED NOT NULL,
  `map_type` int(10) UNSIGNED NOT NULL,
  `x` float NOT NULL,
  `y` float NOT NULL,
  `z` float NOT NULL,
  `o` float NOT NULL,
  `trait` int(10) UNSIGNED NOT NULL
) ENGINE=InnoDB DEFAULT CHARSET=utf8mb4 COLLATE=utf8mb4_0900_ai_ci;

--
-- 转存表中的数据 `teleport_point`
--

INSERT INTO `teleport_point` (`Id`, `name`, `map_id`, `map_type`, `x`, `y`, `z`, `o`, `trait`) VALUES
(1, '新手村', 1, 1, 5, 0, 5, 0, 0),
(2, '主城', 2, 1, 5, 0, 5, 0, 0);

-- --------------------------------------------------------

--
-- 表的结构 `way_point`
--

CREATE TABLE `way_point` (
  `Id` int(10) UNSIGNED NOT NULL,
  `first_wp_id` int(10) UNSIGNED NOT NULL,
  `prev_wp_id` int(10) UNSIGNED NOT NULL,
  `next_wp_id` int(10) UNSIGNED NOT NULL,
  `map_id` int(10) UNSIGNED NOT NULL,
  `x` float NOT NULL,
  `y` float NOT NULL,
  `z` float NOT NULL,
  `keep_idle` int(10) UNSIGNED NOT NULL,
  `emote_state` int(10) UNSIGNED NOT NULL
) ENGINE=InnoDB DEFAULT CHARSET=utf8mb4 COLLATE=utf8mb4_0900_ai_ci;

--
-- 转储表的索引
--

--
-- 表的索引 `char_prototype`
--
ALTER TABLE `char_prototype`
  ADD PRIMARY KEY (`charTypeId`);

--
-- 表的索引 `configure`
--
ALTER TABLE `configure`
  ADD UNIQUE KEY `cfgName` (`cfgName`),
  ADD KEY `cfgIndex` (`cfgIndex`);

--
-- 表的索引 `creature_attribute`
--
ALTER TABLE `creature_attribute`
  ADD PRIMARY KEY (`Id`);

--
-- 表的索引 `creature_spawn`
--
ALTER TABLE `creature_spawn`
  ADD PRIMARY KEY (`spawnId`);

--
-- 表的索引 `editor_tree_view`
--
ALTER TABLE `editor_tree_view`
  ADD PRIMARY KEY (`etvType`);

--
-- 表的索引 `game_time`
--
ALTER TABLE `game_time`
  ADD PRIMARY KEY (`Id`);

--
-- 表的索引 `item_equip_prototype`
--
ALTER TABLE `item_equip_prototype`
  ADD PRIMARY KEY (`itemTypeID`);

--
-- 表的索引 `item_prototype`
--
ALTER TABLE `item_prototype`
  ADD PRIMARY KEY (`itemTypeID`);

--
-- 表的索引 `landmark_point`
--
ALTER TABLE `landmark_point`
  ADD PRIMARY KEY (`Id`);

--
-- 表的索引 `loot_set`
--
ALTER TABLE `loot_set`
  ADD PRIMARY KEY (`lsID`);

--
-- 表的索引 `loot_set_group`
--
ALTER TABLE `loot_set_group`
  ADD PRIMARY KEY (`lsgID`);

--
-- 表的索引 `loot_set_group_cheque`
--
ALTER TABLE `loot_set_group_cheque`
  ADD PRIMARY KEY (`lsgcID`);

--
-- 表的索引 `loot_set_group_item`
--
ALTER TABLE `loot_set_group_item`
  ADD PRIMARY KEY (`lsgiID`);

--
-- 表的索引 `map_graveyard`
--
ALTER TABLE `map_graveyard`
  ADD PRIMARY KEY (`Id`);

--
-- 表的索引 `map_info`
--
ALTER TABLE `map_info`
  ADD PRIMARY KEY (`Id`);

--
-- 表的索引 `map_zone`
--
ALTER TABLE `map_zone`
  ADD PRIMARY KEY (`Id`);

--
-- 表的索引 `pay_shop`
--
ALTER TABLE `pay_shop`
  ADD PRIMARY KEY (`Id`);

--
-- 表的索引 `player_attribute`
--
ALTER TABLE `player_attribute`
  ADD PRIMARY KEY (`Id`);

--
-- 表的索引 `player_base`
--
ALTER TABLE `player_base`
  ADD PRIMARY KEY (`level`);

--
-- 表的索引 `quest_creature_visible`
--
ALTER TABLE `quest_creature_visible`
  ADD PRIMARY KEY (`Id`);

--
-- 表的索引 `quest_prototype`
--
ALTER TABLE `quest_prototype`
  ADD PRIMARY KEY (`questTypeID`);

--
-- 表的索引 `quest_question`
--
ALTER TABLE `quest_question`
  ADD PRIMARY KEY (`Id`);

--
-- 表的索引 `scriptable`
--
ALTER TABLE `scriptable`
  ADD PRIMARY KEY (`scriptId`);

--
-- 表的索引 `shop_prototype`
--
ALTER TABLE `shop_prototype`
  ADD PRIMARY KEY (`Id`);

--
-- 表的索引 `sobj_prototype`
--
ALTER TABLE `sobj_prototype`
  ADD PRIMARY KEY (`sobjTypeId`);

--
-- 表的索引 `spell_info`
--
ALTER TABLE `spell_info`
  ADD PRIMARY KEY (`spellID`);

--
-- 表的索引 `spell_level_effect_info`
--
ALTER TABLE `spell_level_effect_info`
  ADD PRIMARY KEY (`spellLevelEffectID`);

--
-- 表的索引 `spell_level_info`
--
ALTER TABLE `spell_level_info`
  ADD PRIMARY KEY (`spellLevelID`);

--
-- 表的索引 `staticobject_spawn`
--
ALTER TABLE `staticobject_spawn`
  ADD PRIMARY KEY (`spawnId`);

--
-- 表的索引 `string_text_list`
--
ALTER TABLE `string_text_list`
  ADD PRIMARY KEY (`stringID`);

--
-- 表的索引 `teleport_point`
--
ALTER TABLE `teleport_point`
  ADD PRIMARY KEY (`Id`);

--
-- 表的索引 `way_point`
--
ALTER TABLE `way_point`
  ADD PRIMARY KEY (`Id`);

--
-- 在导出的表使用AUTO_INCREMENT
--

--
-- 使用表AUTO_INCREMENT `char_prototype`
--
ALTER TABLE `char_prototype`
  MODIFY `charTypeId` int(10) UNSIGNED NOT NULL AUTO_INCREMENT, AUTO_INCREMENT=13;

--
-- 使用表AUTO_INCREMENT `creature_spawn`
--
ALTER TABLE `creature_spawn`
  MODIFY `spawnId` int(10) UNSIGNED NOT NULL AUTO_INCREMENT, AUTO_INCREMENT=101;

--
-- 使用表AUTO_INCREMENT `item_prototype`
--
ALTER TABLE `item_prototype`
  MODIFY `itemTypeID` int(10) UNSIGNED NOT NULL AUTO_INCREMENT, AUTO_INCREMENT=7;

--
-- 使用表AUTO_INCREMENT `landmark_point`
--
ALTER TABLE `landmark_point`
  MODIFY `Id` int(10) UNSIGNED NOT NULL AUTO_INCREMENT, AUTO_INCREMENT=3;

--
-- 使用表AUTO_INCREMENT `loot_set`
--
ALTER TABLE `loot_set`
  MODIFY `lsID` int(10) UNSIGNED NOT NULL AUTO_INCREMENT, AUTO_INCREMENT=4;

--
-- 使用表AUTO_INCREMENT `loot_set_group`
--
ALTER TABLE `loot_set_group`
  MODIFY `lsgID` int(10) UNSIGNED NOT NULL AUTO_INCREMENT, AUTO_INCREMENT=7;

--
-- 使用表AUTO_INCREMENT `loot_set_group_cheque`
--
ALTER TABLE `loot_set_group_cheque`
  MODIFY `lsgcID` int(10) UNSIGNED NOT NULL AUTO_INCREMENT, AUTO_INCREMENT=8;

--
-- 使用表AUTO_INCREMENT `loot_set_group_item`
--
ALTER TABLE `loot_set_group_item`
  MODIFY `lsgiID` int(10) UNSIGNED NOT NULL AUTO_INCREMENT, AUTO_INCREMENT=13;

--
-- 使用表AUTO_INCREMENT `map_graveyard`
--
ALTER TABLE `map_graveyard`
  MODIFY `Id` int(10) UNSIGNED NOT NULL AUTO_INCREMENT, AUTO_INCREMENT=3;

--
-- 使用表AUTO_INCREMENT `map_info`
--
ALTER TABLE `map_info`
  MODIFY `Id` int(10) UNSIGNED NOT NULL AUTO_INCREMENT, AUTO_INCREMENT=3;

--
-- 使用表AUTO_INCREMENT `map_zone`
--
ALTER TABLE `map_zone`
  MODIFY `Id` int(10) UNSIGNED NOT NULL AUTO_INCREMENT;

--
-- 使用表AUTO_INCREMENT `quest_prototype`
--
ALTER TABLE `quest_prototype`
  MODIFY `questTypeID` int(10) UNSIGNED NOT NULL AUTO_INCREMENT, AUTO_INCREMENT=16;

--
-- 使用表AUTO_INCREMENT `scriptable`
--
ALTER TABLE `scriptable`
  MODIFY `scriptId` int(10) UNSIGNED NOT NULL AUTO_INCREMENT, AUTO_INCREMENT=5;

--
-- 使用表AUTO_INCREMENT `shop_prototype`
--
ALTER TABLE `shop_prototype`
  MODIFY `Id` int(10) UNSIGNED NOT NULL AUTO_INCREMENT;

--
-- 使用表AUTO_INCREMENT `sobj_prototype`
--
ALTER TABLE `sobj_prototype`
  MODIFY `sobjTypeId` int(10) UNSIGNED NOT NULL AUTO_INCREMENT, AUTO_INCREMENT=4;

--
-- 使用表AUTO_INCREMENT `spell_info`
--
ALTER TABLE `spell_info`
  MODIFY `spellID` int(10) UNSIGNED NOT NULL AUTO_INCREMENT, AUTO_INCREMENT=10;

--
-- 使用表AUTO_INCREMENT `spell_level_effect_info`
--
ALTER TABLE `spell_level_effect_info`
  MODIFY `spellLevelEffectID` int(10) UNSIGNED NOT NULL AUTO_INCREMENT, AUTO_INCREMENT=107;

--
-- 使用表AUTO_INCREMENT `spell_level_info`
--
ALTER TABLE `spell_level_info`
  MODIFY `spellLevelID` int(10) UNSIGNED NOT NULL AUTO_INCREMENT, AUTO_INCREMENT=93;

--
-- 使用表AUTO_INCREMENT `staticobject_spawn`
--
ALTER TABLE `staticobject_spawn`
  MODIFY `spawnId` int(10) UNSIGNED NOT NULL AUTO_INCREMENT, AUTO_INCREMENT=103;

--
-- 使用表AUTO_INCREMENT `teleport_point`
--
ALTER TABLE `teleport_point`
  MODIFY `Id` int(10) UNSIGNED NOT NULL AUTO_INCREMENT, AUTO_INCREMENT=3;

--
-- 使用表AUTO_INCREMENT `way_point`
--
ALTER TABLE `way_point`
  MODIFY `Id` int(10) UNSIGNED NOT NULL AUTO_INCREMENT;
COMMIT;

/*!40101 SET CHARACTER_SET_CLIENT=@OLD_CHARACTER_SET_CLIENT */;
/*!40101 SET CHARACTER_SET_RESULTS=@OLD_CHARACTER_SET_RESULTS */;
/*!40101 SET COLLATION_CONNECTION=@OLD_COLLATION_CONNECTION */;
